기준년월,시군구,취급메뉴_개수,주메뉴,메뉴카테고리,주메뉴_판매율,주메뉴_가격,고급음식점_여부,광역시도
202209,영등포구,37,불고기,식사,51.81,15296,0,서울특별시
202305,종로구,44,필렛스테이크,음료,35.36,23588,0,서울특별시
202202,강남구,11,냉면,간식,7.51,34016,0,서울특별시
202308,영등포구,16,필렛스테이크,식사,99.1,27200,1,서울특별시
202212,영등포구,6,연어초밥,음료,17.48,16406,0,서울특별시
202302,강남구,27,냉면,음료,25.53,26282,0,서울특별시
202205,종로구,27,연어초밥,식사,23.59,34101,0,서울특별시
202212,강남구,6,불고기,음료,90.79,14533,1,서울특별시
202201,영등포구,34,필렛스테이크,음료,76.37,14274,0,서울특별시
202308,영등포구,5,냉면,음료,45.73,9058,0,서울특별시
202305,강남구,40,냉면,간식,95.54,30740,0,서울특별시
202210,영등포구,36,불고기,식사,5.28,30482,0,서울특별시
202307,종로구,41,냉면,간식,89.37,19170,1,서울특별시
202306,종로구,10,냉면,음료,6.04,31552,1,서울특별시
202203,강남구,44,냉면,간식,39.11,25591,0,서울특별시
202202,영등포구,29,떡볶이,간식,5.4,34430,1,서울특별시
202206,종로구,43,냉면,음료,99.9,32911,0,서울특별시
202201,영등포구,36,불고기,간식,91.44,33912,1,서울특별시
202301,강남구,34,연어초밥,식사,58.48,18595,0,서울특별시
202212,종로구,6,냉면,음료,21.78,25112,0,서울특별시
202212,강남구,36,연어초밥,간식,27.68,12516,1,서울특별시
202202,영등포구,25,필렛스테이크,간식,44.95,32145,1,서울특별시
202309,종로구,43,불고기,간식,32.28,16586,1,서울특별시
202310,영등포구,35,연어초밥,음료,2.13,20096,0,서울특별시
202301,강남구,8,불고기,음료,65.63,24046,1,서울특별시
202201,영등포구,45,불고기,음료,61.34,29258,1,서울특별시
202209,강남구,7,불고기,음료,90.43,27756,0,서울특별시
202304,종로구,18,불고기,식사,47.69,33794,0,서울특별시
202305,강남구,14,냉면,음료,34.47,27250,0,서울특별시
202206,강남구,48,떡볶이,음료,51.15,29499,0,서울특별시
202307,종로구,11,떡볶이,식사,19.47,23456,1,서울특별시
202310,강남구,43,불고기,간식,62.55,19225,0,서울특별시
202212,종로구,14,떡볶이,음료,77.0,32660,0,서울특별시
202209,영등포구,34,필렛스테이크,간식,15.35,18199,0,서울특별시
202212,강남구,9,연어초밥,음료,31.84,24748,1,서울특별시
202201,영등포구,22,필렛스테이크,간식,86.78,15871,0,서울특별시
202212,강남구,33,연어초밥,식사,50.55,21024,1,서울특별시
202201,강남구,36,냉면,식사,53.18,17910,0,서울특별시
202201,종로구,44,연어초밥,음료,72.24,14975,0,서울특별시
202301,종로구,41,필렛스테이크,음료,57.79,30155,1,서울특별시
202212,종로구,28,필렛스테이크,간식,6.96,28716,0,서울특별시
202310,강남구,18,불고기,간식,80.4,26940,1,서울특별시
202212,종로구,16,떡볶이,간식,92.28,10241,0,서울특별시
202310,강남구,49,냉면,음료,5.33,14746,0,서울특별시
202306,강남구,32,떡볶이,음료,12.12,13887,0,서울특별시
202208,영등포구,45,냉면,음료,70.2,27211,1,서울특별시
202309,강남구,24,불고기,음료,60.45,32096,0,서울특별시
202211,종로구,26,떡볶이,음료,38.25,18243,0,서울특별시
202302,종로구,42,연어초밥,간식,53.92,16918,0,서울특별시
202203,강남구,37,냉면,식사,70.33,23059,1,서울특별시
202205,영등포구,14,불고기,간식,50.45,34666,1,서울특별시
202212,종로구,28,불고기,음료,14.02,17999,1,서울특별시
202206,영등포구,14,불고기,간식,8.94,15514,0,서울특별시
202302,종로구,39,떡볶이,식사,43.89,22083,0,서울특별시
202202,영등포구,6,불고기,음료,92.29,32729,1,서울특별시
202206,영등포구,42,불고기,음료,55.78,27704,1,서울특별시
202303,강남구,46,떡볶이,간식,35.82,21992,1,서울특별시
202302,영등포구,6,떡볶이,간식,90.87,27740,1,서울특별시
202310,영등포구,33,냉면,식사,38.86,8408,1,서울특별시
202308,종로구,8,필렛스테이크,음료,50.91,28335,0,서울특별시
202306,강남구,21,연어초밥,식사,11.65,10635,0,서울특별시
202201,종로구,20,연어초밥,간식,73.74,18558,1,서울특별시
202302,영등포구,28,냉면,간식,70.03,17447,0,서울특별시
202206,종로구,46,필렛스테이크,식사,79.42,26643,0,서울특별시
202206,강남구,25,떡볶이,간식,32.52,14480,0,서울특별시
202205,종로구,22,필렛스테이크,음료,43.61,14445,0,서울특별시
202211,영등포구,9,떡볶이,음료,16.83,31875,1,서울특별시
202203,강남구,44,불고기,간식,96.45,20890,1,서울특별시
202212,종로구,19,필렛스테이크,식사,8.61,28019,0,서울특별시
202204,강남구,25,떡볶이,음료,64.9,23743,0,서울특별시
202212,영등포구,9,연어초밥,식사,70.53,24737,0,서울특별시
202302,영등포구,17,떡볶이,음료,15.77,26535,1,서울특별시
202204,영등포구,29,냉면,간식,36.53,26024,0,서울특별시
202203,종로구,45,떡볶이,간식,4.31,32623,0,서울특별시
202306,강남구,19,떡볶이,간식,55.66,29192,0,서울특별시
202305,종로구,30,필렛스테이크,간식,99.49,16228,0,서울특별시
202206,영등포구,44,필렛스테이크,식사,42.99,12577,0,서울특별시
202308,강남구,21,연어초밥,간식,99.0,30822,1,서울특별시
202205,강남구,18,냉면,간식,12.62,18058,0,서울특별시
202309,영등포구,6,연어초밥,음료,39.25,16400,0,서울특별시
202203,종로구,45,떡볶이,간식,90.2,10999,0,서울특별시
202303,강남구,9,불고기,음료,87.67,22901,0,서울특별시
202201,강남구,14,냉면,식사,32.36,21826,0,서울특별시
202205,종로구,11,연어초밥,식사,67.86,30358,1,서울특별시
202209,종로구,36,냉면,식사,88.62,28213,0,서울특별시
202202,영등포구,21,필렛스테이크,음료,76.69,27525,1,서울특별시
202211,영등포구,36,냉면,식사,62.85,22538,0,서울특별시
202206,종로구,32,필렛스테이크,식사,15.26,31297,1,서울특별시
202203,종로구,5,불고기,음료,7.3,34549,0,서울특별시
202310,영등포구,18,냉면,간식,61.46,30001,0,서울특별시
202310,영등포구,5,필렛스테이크,간식,50.03,17395,0,서울특별시
202310,강남구,7,연어초밥,음료,23.8,15461,0,서울특별시
202204,영등포구,26,필렛스테이크,음료,29.28,8035,0,서울특별시
202209,영등포구,16,필렛스테이크,음료,39.21,34809,1,서울특별시
202208,강남구,9,냉면,간식,49.55,27781,0,서울특별시
202208,영등포구,23,연어초밥,간식,39.03,33298,1,서울특별시
202210,강남구,25,떡볶이,식사,38.73,29266,1,서울특별시
202212,종로구,49,떡볶이,간식,11.57,19614,0,서울특별시
202211,종로구,34,불고기,음료,86.56,11915,1,서울특별시
202207,영등포구,22,필렛스테이크,식사,60.92,9274,0,서울특별시
202310,영등포구,26,연어초밥,음료,14.61,29387,0,서울특별시
202310,종로구,9,불고기,식사,42.39,16194,0,서울특별시
202208,종로구,22,필렛스테이크,식사,41.67,18240,1,서울특별시
202205,영등포구,31,불고기,간식,60.06,30576,0,서울특별시
202212,영등포구,5,냉면,식사,60.89,20994,0,서울특별시
202209,영등포구,46,필렛스테이크,음료,64.52,33673,0,서울특별시
202310,영등포구,28,떡볶이,간식,69.79,22758,0,서울특별시
202210,영등포구,40,연어초밥,간식,10.34,30455,0,서울특별시
202201,영등포구,17,떡볶이,간식,30.49,11400,0,서울특별시
202203,영등포구,42,떡볶이,식사,1.73,18712,1,서울특별시
202202,강남구,21,연어초밥,음료,45.46,12943,0,서울특별시
202209,종로구,46,불고기,음료,42.94,9526,0,서울특별시
202207,강남구,28,필렛스테이크,식사,73.43,34774,1,서울특별시
202307,종로구,33,불고기,식사,16.71,21974,1,서울특별시
202308,종로구,14,떡볶이,식사,63.15,17549,0,서울특별시
202204,강남구,49,냉면,식사,30.67,18162,0,서울특별시
202309,영등포구,13,필렛스테이크,간식,38.19,14504,0,서울특별시
202301,영등포구,6,필렛스테이크,음료,71.93,11320,1,서울특별시
202207,종로구,24,연어초밥,간식,7.15,32660,0,서울특별시
202209,영등포구,42,떡볶이,식사,34.28,10858,0,서울특별시
202210,강남구,46,필렛스테이크,식사,39.13,18386,0,서울특별시
202204,종로구,43,떡볶이,간식,71.57,12131,0,서울특별시
202308,강남구,29,불고기,식사,19.92,33099,0,서울특별시
202201,강남구,46,연어초밥,간식,94.74,13557,1,서울특별시
202202,강남구,27,떡볶이,식사,99.78,18637,0,서울특별시
202207,종로구,26,떡볶이,식사,81.89,28352,0,서울특별시
202204,종로구,13,연어초밥,간식,29.97,23396,1,서울특별시
202202,영등포구,40,불고기,식사,66.39,18305,0,서울특별시
202209,종로구,19,냉면,간식,8.31,23219,0,서울특별시
202209,영등포구,13,연어초밥,식사,87.13,19797,0,서울특별시
202203,종로구,21,필렛스테이크,식사,51.6,15811,1,서울특별시
202306,강남구,32,떡볶이,간식,17.64,24156,0,서울특별시
202308,강남구,17,불고기,식사,32.74,17862,1,서울특별시
202304,강남구,21,냉면,음료,80.07,33923,0,서울특별시
202212,종로구,19,냉면,음료,87.02,20505,0,서울특별시
202309,종로구,31,떡볶이,간식,51.97,28424,0,서울특별시
202208,영등포구,37,불고기,식사,48.03,14329,0,서울특별시
202210,강남구,35,냉면,간식,75.07,25434,0,서울특별시
202201,강남구,11,냉면,간식,82.62,23105,1,서울특별시
202304,영등포구,20,불고기,간식,76.48,28083,0,서울특별시
202203,강남구,34,필렛스테이크,음료,38.44,20466,0,서울특별시
202303,종로구,14,연어초밥,음료,64.19,27420,1,서울특별시
202306,강남구,8,연어초밥,간식,85.74,9581,0,서울특별시
202205,종로구,19,떡볶이,식사,15.18,26636,0,서울특별시
202302,영등포구,35,연어초밥,식사,38.81,28343,0,서울특별시
202207,강남구,34,냉면,음료,5.66,21402,0,서울특별시
202209,종로구,10,냉면,간식,40.89,8926,1,서울특별시
202212,종로구,35,떡볶이,식사,77.23,23304,1,서울특별시
202206,영등포구,13,연어초밥,간식,19.7,29095,0,서울특별시
202306,영등포구,38,불고기,음료,54.19,20460,1,서울특별시
202209,강남구,30,필렛스테이크,간식,3.66,10542,0,서울특별시
202211,종로구,10,필렛스테이크,식사,89.76,18663,1,서울특별시
202306,영등포구,20,냉면,음료,82.0,34840,1,서울특별시
202206,강남구,41,연어초밥,식사,52.44,15310,0,서울특별시
202210,영등포구,24,연어초밥,음료,70.58,22294,0,서울특별시
202310,강남구,35,불고기,간식,10.39,17590,1,서울특별시
202209,종로구,38,불고기,식사,84.52,27233,0,서울특별시
202203,영등포구,6,필렛스테이크,식사,71.53,19570,0,서울특별시
202207,종로구,46,필렛스테이크,음료,12.0,18376,0,서울특별시
202310,영등포구,20,필렛스테이크,음료,98.07,23643,0,서울특별시
202305,종로구,40,냉면,식사,2.25,23437,0,서울특별시
202306,강남구,26,연어초밥,간식,62.85,21496,0,서울특별시
202206,영등포구,30,떡볶이,음료,17.18,14972,1,서울특별시
202307,종로구,21,냉면,음료,71.93,10914,0,서울특별시
202209,강남구,43,필렛스테이크,음료,7.04,26643,0,서울특별시
202306,강남구,10,불고기,식사,8.11,17179,0,서울특별시
202308,종로구,45,불고기,간식,46.63,24545,0,서울특별시
202205,종로구,14,떡볶이,음료,99.4,18157,0,서울특별시
202309,영등포구,44,불고기,식사,27.65,31057,0,서울특별시
202302,강남구,6,필렛스테이크,식사,61.25,27087,0,서울특별시
202305,종로구,5,연어초밥,음료,51.86,18906,0,서울특별시
202305,영등포구,9,떡볶이,음료,84.21,16988,0,서울특별시
202204,영등포구,29,연어초밥,식사,28.86,28223,0,서울특별시
202305,영등포구,16,필렛스테이크,음료,55.49,8214,1,서울특별시
202205,강남구,31,떡볶이,간식,95.06,9555,0,서울특별시
202206,강남구,41,떡볶이,간식,33.26,10277,1,서울특별시
202203,종로구,6,필렛스테이크,간식,43.94,17338,0,서울특별시
202204,종로구,28,불고기,음료,88.88,21418,0,서울특별시
202310,강남구,38,불고기,간식,33.25,15907,0,서울특별시
202208,강남구,24,연어초밥,간식,38.07,13089,0,서울특별시
202209,강남구,46,필렛스테이크,음료,30.41,16450,0,서울특별시
202211,종로구,34,필렛스테이크,간식,80.95,21354,1,서울특별시
202304,영등포구,6,필렛스테이크,음료,93.04,16029,1,서울특별시
202301,강남구,29,불고기,식사,63.11,23503,0,서울특별시
202212,강남구,22,불고기,음료,62.36,18319,1,서울특별시
202307,강남구,10,불고기,음료,39.0,33202,0,서울특별시
202211,영등포구,47,연어초밥,음료,1.25,34793,0,서울특별시
202305,영등포구,15,필렛스테이크,간식,17.39,25700,1,서울특별시
202309,종로구,8,불고기,간식,14.74,22979,0,서울특별시
202303,강남구,15,떡볶이,식사,11.59,8838,0,서울특별시
202201,강남구,42,냉면,음료,65.4,24808,0,서울특별시
202206,영등포구,31,필렛스테이크,음료,13.63,18279,0,서울특별시
202302,종로구,41,필렛스테이크,식사,8.56,15828,0,서울특별시
202211,강남구,25,불고기,식사,38.26,29423,0,서울특별시
202207,영등포구,10,떡볶이,음료,24.9,9138,0,서울특별시
202208,종로구,22,떡볶이,음료,14.59,15035,1,서울특별시
202202,종로구,13,떡볶이,간식,14.61,28903,1,서울특별시
202206,종로구,30,불고기,식사,25.62,32974,0,서울특별시
202306,강남구,17,냉면,음료,53.68,21894,0,서울특별시
202201,영등포구,48,냉면,간식,75.81,22283,0,서울특별시
202307,영등포구,21,연어초밥,음료,85.28,34110,0,서울특별시
202208,강남구,19,떡볶이,음료,75.14,10496,0,서울특별시
202306,영등포구,49,필렛스테이크,간식,62.82,20985,0,서울특별시
202206,강남구,28,필렛스테이크,식사,90.76,14525,1,서울특별시
202307,종로구,12,연어초밥,음료,51.97,20873,0,서울특별시
202301,영등포구,26,떡볶이,음료,63.34,32470,0,서울특별시
202307,강남구,16,떡볶이,음료,41.16,24094,0,서울특별시
202202,영등포구,37,떡볶이,간식,32.74,34769,1,서울특별시
202306,강남구,30,떡볶이,음료,33.17,21635,0,서울특별시
202206,영등포구,37,필렛스테이크,음료,14.83,31301,1,서울특별시
202208,종로구,47,불고기,식사,79.66,12582,1,서울특별시
202201,강남구,37,냉면,식사,5.54,16658,0,서울특별시
202309,영등포구,20,필렛스테이크,식사,67.47,15394,0,서울특별시
202303,강남구,14,냉면,음료,86.45,28758,0,서울특별시
202310,영등포구,28,불고기,식사,49.74,21852,0,서울특별시
202301,영등포구,25,떡볶이,간식,7.02,14000,0,서울특별시
202204,강남구,19,연어초밥,음료,42.84,12666,0,서울특별시
202208,종로구,41,떡볶이,간식,34.32,18382,1,서울특별시
202210,종로구,45,냉면,식사,98.55,12144,0,서울특별시
202204,종로구,22,냉면,간식,69.13,26823,0,서울특별시
202309,종로구,35,냉면,식사,72.14,30904,0,서울특별시
202310,강남구,49,냉면,간식,51.58,34160,0,서울특별시
202301,종로구,5,연어초밥,음료,70.94,14363,0,서울특별시
202301,강남구,21,냉면,간식,72.26,19858,0,서울특별시
202304,영등포구,38,떡볶이,음료,6.64,21604,0,서울특별시
202303,영등포구,27,냉면,식사,22.26,21387,0,서울특별시
202202,강남구,40,연어초밥,음료,1.3,20236,0,서울특별시
202212,영등포구,26,떡볶이,간식,50.98,13944,1,서울특별시
202306,영등포구,7,연어초밥,식사,87.58,11022,0,서울특별시
202306,강남구,24,불고기,간식,60.96,18887,1,서울특별시
202302,영등포구,23,불고기,식사,50.02,10490,0,서울특별시
202308,영등포구,43,연어초밥,간식,92.6,9701,1,서울특별시
202301,강남구,11,필렛스테이크,간식,17.22,22151,0,서울특별시
202209,종로구,11,떡볶이,식사,7.46,31181,0,서울특별시
202210,영등포구,11,불고기,음료,91.73,22595,0,서울특별시
202304,종로구,30,연어초밥,간식,90.28,8630,1,서울특별시
202308,강남구,49,냉면,식사,68.3,30691,0,서울특별시
202206,종로구,32,연어초밥,간식,24.6,26455,0,서울특별시
202207,종로구,41,연어초밥,음료,96.98,16184,1,서울특별시
202303,영등포구,43,냉면,음료,76.53,15376,0,서울특별시
202305,종로구,32,불고기,간식,67.39,32288,0,서울특별시
202209,종로구,32,불고기,음료,22.29,20854,1,서울특별시
202303,영등포구,15,연어초밥,식사,51.31,11813,0,서울특별시
202201,종로구,48,냉면,간식,82.26,15602,1,서울특별시
202207,영등포구,40,냉면,식사,86.03,15139,1,서울특별시
202310,영등포구,44,불고기,음료,56.14,18801,1,서울특별시
202301,영등포구,49,불고기,음료,52.28,17336,1,서울특별시
202308,강남구,20,불고기,식사,69.77,22763,0,서울특별시
202205,영등포구,11,냉면,식사,52.82,16725,0,서울특별시
202207,영등포구,43,불고기,음료,41.77,25304,0,서울특별시
202310,강남구,26,냉면,간식,8.54,21302,1,서울특별시
202310,종로구,48,냉면,식사,12.6,33387,0,서울특별시
202308,종로구,36,냉면,식사,76.03,30359,1,서울특별시
202207,종로구,16,불고기,간식,2.47,16969,0,서울특별시
202306,영등포구,20,불고기,식사,5.23,9138,0,서울특별시
202211,영등포구,32,떡볶이,식사,90.46,23791,0,서울특별시
202307,강남구,22,필렛스테이크,식사,70.4,17134,1,서울특별시
202307,종로구,17,불고기,식사,0.42,32346,0,서울특별시
202210,영등포구,14,냉면,음료,31.2,18953,0,서울특별시
202207,종로구,34,냉면,음료,76.33,15836,0,서울특별시
202310,영등포구,6,떡볶이,음료,41.76,17162,0,서울특별시
202210,종로구,9,떡볶이,식사,46.88,31356,1,서울특별시
202210,영등포구,6,필렛스테이크,식사,45.88,11038,0,서울특별시
202303,영등포구,38,불고기,식사,20.21,33853,0,서울특별시
202309,강남구,6,연어초밥,간식,72.14,14303,0,서울특별시
202203,영등포구,23,연어초밥,식사,10.3,30882,0,서울특별시
202310,강남구,10,필렛스테이크,식사,50.73,22696,0,서울특별시
202210,영등포구,31,떡볶이,음료,17.0,23386,0,서울특별시
202201,영등포구,6,냉면,간식,4.65,13523,0,서울특별시
202207,강남구,6,연어초밥,음료,14.32,27497,0,서울특별시
202211,강남구,23,냉면,식사,86.93,25511,0,서울특별시
202303,종로구,36,냉면,음료,17.61,20988,1,서울특별시
202301,강남구,9,냉면,음료,27.84,20360,0,서울특별시
202203,종로구,27,필렛스테이크,음료,13.81,24125,0,서울특별시
202211,강남구,41,연어초밥,간식,73.55,20738,0,서울특별시
202206,강남구,33,필렛스테이크,음료,44.54,34310,1,서울특별시
202206,종로구,38,필렛스테이크,간식,94.36,9117,0,서울특별시
202304,영등포구,19,냉면,간식,66.43,14780,1,서울특별시
202306,강남구,47,떡볶이,식사,53.14,30976,1,서울특별시
202204,강남구,11,불고기,식사,65.66,29398,1,서울특별시
202302,강남구,32,떡볶이,음료,4.04,17394,1,서울특별시
202210,강남구,24,불고기,식사,95.07,21668,0,서울특별시
202208,강남구,6,냉면,식사,95.64,8729,1,서울특별시
202304,강남구,47,떡볶이,식사,27.61,12775,1,서울특별시
202206,종로구,36,필렛스테이크,간식,62.83,33501,0,서울특별시
202305,강남구,15,냉면,음료,20.19,25375,0,서울특별시
202209,영등포구,7,떡볶이,식사,54.75,9042,1,서울특별시
202203,종로구,35,불고기,식사,77.08,29395,0,서울특별시
202306,영등포구,29,필렛스테이크,음료,93.98,18896,1,서울특별시
202307,종로구,7,연어초밥,식사,33.92,23356,0,서울특별시
202301,종로구,49,냉면,간식,69.35,31135,1,서울특별시
202304,종로구,37,떡볶이,음료,71.64,30610,0,서울특별시
202204,영등포구,25,필렛스테이크,간식,22.11,11684,1,서울특별시
202208,강남구,15,불고기,식사,62.9,17878,0,서울특별시
202208,영등포구,17,불고기,음료,65.54,15360,1,서울특별시
202305,강남구,25,불고기,식사,76.41,32671,0,서울특별시
202208,강남구,7,연어초밥,식사,99.99,29079,0,서울특별시
202305,영등포구,21,연어초밥,식사,4.02,25504,0,서울특별시
202207,영등포구,14,필렛스테이크,간식,20.23,9579,0,서울특별시
202302,강남구,10,필렛스테이크,음료,14.51,29685,1,서울특별시
202205,종로구,10,불고기,간식,15.44,23144,0,서울특별시
202301,종로구,20,연어초밥,식사,45.42,15370,0,서울특별시
202202,강남구,22,필렛스테이크,간식,87.85,19953,1,서울특별시
202305,종로구,20,떡볶이,식사,44.87,20045,0,서울특별시
202201,영등포구,36,냉면,간식,66.85,15994,0,서울특별시
202310,종로구,28,불고기,식사,37.65,32559,0,서울특별시
202307,종로구,13,불고기,음료,31.97,32772,0,서울특별시
202301,영등포구,48,냉면,음료,83.42,9374,1,서울특별시
202309,강남구,37,연어초밥,음료,65.55,33269,0,서울특별시
202306,종로구,26,냉면,식사,35.09,18907,0,서울특별시
202204,강남구,7,불고기,식사,91.42,29595,0,서울특별시
202305,영등포구,46,냉면,식사,49.85,29068,1,서울특별시
202209,강남구,38,냉면,음료,18.83,24170,0,서울특별시
202307,영등포구,25,연어초밥,음료,48.32,28082,1,서울특별시
202308,종로구,12,불고기,식사,67.47,26397,0,서울특별시
202309,강남구,9,필렛스테이크,음료,36.71,30993,0,서울특별시
202210,영등포구,18,연어초밥,간식,84.38,19439,1,서울특별시
202205,강남구,15,냉면,식사,53.31,27963,0,서울특별시
202203,강남구,14,떡볶이,식사,46.78,34439,0,서울특별시
202204,종로구,23,필렛스테이크,식사,85.87,33571,0,서울특별시
202310,영등포구,7,불고기,음료,46.29,11994,1,서울특별시
202301,종로구,19,불고기,식사,41.44,21453,0,서울특별시
202208,종로구,44,불고기,식사,10.37,21771,0,서울특별시
202210,종로구,43,연어초밥,음료,36.25,24855,0,서울특별시
202204,강남구,5,냉면,식사,39.7,25470,1,서울특별시
202301,강남구,35,냉면,식사,18.06,30888,0,서울특별시
202210,강남구,49,연어초밥,음료,58.78,22369,0,서울특별시
202306,강남구,31,연어초밥,음료,14.38,26945,0,서울특별시
202201,영등포구,22,불고기,간식,22.37,32285,0,서울특별시
202309,종로구,27,불고기,음료,56.11,10755,0,서울특별시
202202,종로구,14,필렛스테이크,음료,26.9,25351,1,서울특별시
202210,영등포구,22,떡볶이,간식,63.97,17908,0,서울특별시
202208,영등포구,47,떡볶이,음료,69.05,32459,0,서울특별시
202304,영등포구,32,떡볶이,식사,30.13,22919,0,서울특별시
202303,종로구,24,연어초밥,식사,8.74,24277,0,서울특별시
202205,영등포구,10,떡볶이,음료,48.95,28377,0,서울특별시
202211,영등포구,45,떡볶이,식사,9.29,14534,0,서울특별시
202212,강남구,12,떡볶이,음료,51.52,22676,0,서울특별시
202211,강남구,37,불고기,간식,72.62,28870,1,서울특별시
202201,종로구,18,불고기,음료,62.03,28993,0,서울특별시
202204,영등포구,17,연어초밥,간식,44.83,14152,0,서울특별시
202212,영등포구,12,연어초밥,식사,94.59,30615,1,서울특별시
202206,영등포구,21,떡볶이,간식,10.17,12396,0,서울특별시
202212,영등포구,35,냉면,음료,88.0,15158,0,서울특별시
202204,강남구,23,떡볶이,음료,80.01,31128,0,서울특별시
202305,종로구,6,떡볶이,음료,41.97,24634,1,서울특별시
202205,강남구,16,떡볶이,음료,15.29,22638,0,서울특별시
202303,종로구,12,불고기,음료,15.59,23041,0,서울특별시
202307,강남구,23,냉면,음료,92.18,34169,0,서울특별시
202208,강남구,45,냉면,간식,23.37,14137,0,서울특별시
202204,영등포구,48,필렛스테이크,간식,87.41,16077,0,서울특별시
202201,영등포구,49,필렛스테이크,간식,50.33,21226,0,서울특별시
202208,영등포구,10,연어초밥,음료,46.17,30827,1,서울특별시
202203,종로구,26,불고기,간식,61.95,22811,1,서울특별시
202308,강남구,7,연어초밥,음료,21.5,27599,0,서울특별시
202310,종로구,27,필렛스테이크,음료,42.84,30068,0,서울특별시
202310,영등포구,30,연어초밥,식사,93.85,32086,0,서울특별시
202309,종로구,39,냉면,음료,23.83,20446,0,서울특별시
202301,강남구,20,연어초밥,음료,92.16,20363,0,서울특별시
202208,종로구,6,필렛스테이크,간식,99.42,10184,0,서울특별시
202210,영등포구,25,연어초밥,식사,5.19,10168,1,서울특별시
202206,강남구,24,떡볶이,식사,53.14,21156,0,서울특별시
202307,영등포구,33,냉면,음료,17.18,28225,0,서울특별시
202210,영등포구,9,필렛스테이크,식사,62.17,30624,1,서울특별시
202209,영등포구,32,떡볶이,간식,98.95,19029,0,서울특별시
202304,종로구,23,냉면,간식,89.69,23423,1,서울특별시
202209,강남구,38,냉면,식사,92.48,29940,1,서울특별시
202208,강남구,49,불고기,음료,21.33,16609,0,서울특별시
202206,종로구,15,냉면,간식,54.23,12279,0,서울특별시
202202,종로구,38,불고기,식사,23.48,32866,0,서울특별시
202201,강남구,10,필렛스테이크,식사,89.94,22743,1,서울특별시
202209,영등포구,49,불고기,간식,19.12,12202,0,서울특별시
202310,영등포구,26,필렛스테이크,식사,15.4,14803,1,서울특별시
202206,종로구,38,연어초밥,음료,1.22,16825,0,서울특별시
202303,영등포구,39,떡볶이,간식,18.19,13430,1,서울특별시
202208,종로구,32,냉면,간식,18.98,19802,0,서울특별시
202207,종로구,22,냉면,간식,7.75,29945,1,서울특별시
202204,종로구,38,냉면,식사,86.77,27925,0,서울특별시
202301,종로구,26,연어초밥,간식,78.0,32760,0,서울특별시
202303,영등포구,34,냉면,간식,25.45,30565,1,서울특별시
202208,강남구,32,불고기,식사,78.33,16405,0,서울특별시
202212,영등포구,25,떡볶이,간식,42.22,9581,0,서울특별시
202211,영등포구,10,필렛스테이크,간식,77.55,12094,1,서울특별시
202206,영등포구,18,불고기,식사,32.3,29384,1,서울특별시
202304,강남구,47,필렛스테이크,음료,56.47,17188,0,서울특별시
202301,강남구,28,냉면,간식,38.16,27454,0,서울특별시
202202,종로구,33,불고기,식사,18.77,20359,0,서울특별시
202211,영등포구,16,연어초밥,간식,58.56,32155,0,서울특별시
202209,영등포구,36,필렛스테이크,식사,75.08,21719,0,서울특별시
202306,영등포구,26,불고기,간식,75.31,32311,0,서울특별시
202207,강남구,14,냉면,식사,35.63,14770,0,서울특별시
202310,종로구,11,떡볶이,간식,51.87,28993,0,서울특별시
202302,영등포구,22,냉면,식사,76.38,22146,1,서울특별시
202203,종로구,30,불고기,식사,5.45,13135,0,서울특별시
202209,영등포구,17,연어초밥,식사,7.19,14317,0,서울특별시
202308,강남구,16,필렛스테이크,식사,37.62,16474,1,서울특별시
202206,종로구,17,떡볶이,간식,22.35,12181,1,서울특별시
202304,종로구,18,필렛스테이크,식사,37.46,33280,0,서울특별시
202306,영등포구,38,불고기,식사,9.38,13743,1,서울특별시
202304,강남구,27,떡볶이,식사,59.2,24150,0,서울특별시
202202,강남구,26,필렛스테이크,음료,67.17,23415,0,서울특별시
202209,강남구,12,필렛스테이크,음료,79.18,22546,0,서울특별시
202208,강남구,29,떡볶이,식사,65.05,24941,0,서울특별시
202208,영등포구,48,필렛스테이크,식사,39.64,32724,0,서울특별시
202308,영등포구,38,냉면,음료,93.49,34133,0,서울특별시
202201,강남구,25,연어초밥,음료,72.63,31603,1,서울특별시
202212,영등포구,18,연어초밥,음료,52.77,20410,0,서울특별시
202310,종로구,20,연어초밥,식사,20.69,27642,0,서울특별시
202308,영등포구,6,필렛스테이크,간식,64.9,13018,0,서울특별시
202302,강남구,6,필렛스테이크,식사,59.17,31820,0,서울특별시
202310,영등포구,39,불고기,간식,68.33,13278,1,서울특별시
202209,종로구,42,연어초밥,식사,78.11,11073,1,서울특별시
202302,영등포구,48,불고기,식사,91.5,30375,1,서울특별시
202212,종로구,33,연어초밥,간식,94.91,28453,1,서울특별시
202202,영등포구,46,연어초밥,음료,63.02,11736,0,서울특별시
202201,종로구,23,냉면,간식,96.6,34072,0,서울특별시
202308,영등포구,16,떡볶이,음료,91.14,11013,0,서울특별시
202204,종로구,16,냉면,음료,0.26,9322,1,서울특별시
202208,강남구,15,불고기,음료,63.76,33805,0,서울특별시
202302,영등포구,38,냉면,식사,17.85,14022,0,서울특별시
202301,영등포구,5,필렛스테이크,식사,29.52,14339,0,서울특별시
202212,종로구,47,불고기,간식,29.75,29437,0,서울특별시
202310,강남구,39,연어초밥,음료,48.31,24394,0,서울특별시
202306,영등포구,22,연어초밥,음료,1.09,22041,0,서울특별시
202309,영등포구,36,떡볶이,음료,23.58,34677,0,서울특별시
202303,영등포구,11,불고기,식사,2.91,10338,0,서울특별시
202310,영등포구,24,불고기,간식,65.06,32994,1,서울특별시
202302,종로구,9,연어초밥,식사,88.93,15234,1,서울특별시
202212,강남구,10,불고기,식사,99.78,24810,0,서울특별시
202306,강남구,5,필렛스테이크,식사,44.86,16749,1,서울특별시
202308,강남구,40,냉면,음료,26.01,15913,1,서울특별시
202202,강남구,38,연어초밥,식사,85.31,16668,0,서울특별시
202309,영등포구,45,불고기,간식,11.32,23093,1,서울특별시
202304,영등포구,49,필렛스테이크,음료,97.42,31697,1,서울특별시
202308,강남구,48,연어초밥,음료,71.48,11037,0,서울특별시
202304,종로구,49,불고기,간식,50.39,25874,0,서울특별시
202309,강남구,5,냉면,간식,9.67,31226,0,서울특별시
202207,종로구,40,불고기,간식,1.82,27842,0,서울특별시
202205,영등포구,37,불고기,음료,54.45,34463,1,서울특별시
202205,영등포구,12,필렛스테이크,음료,41.39,8366,0,서울특별시
202206,영등포구,11,연어초밥,간식,84.27,17787,0,서울특별시
202205,강남구,48,떡볶이,간식,64.23,19542,1,서울특별시
202210,영등포구,44,냉면,간식,43.19,22461,1,서울특별시
202205,영등포구,19,필렛스테이크,간식,22.6,16581,0,서울특별시
202204,종로구,8,필렛스테이크,음료,48.04,14836,1,서울특별시
202212,강남구,20,필렛스테이크,식사,16.3,31001,0,서울특별시
202306,강남구,5,떡볶이,음료,66.7,14280,0,서울특별시
202203,영등포구,35,필렛스테이크,간식,60.57,33754,0,서울특별시
202212,강남구,22,필렛스테이크,식사,81.01,9000,1,서울특별시
202303,강남구,7,필렛스테이크,식사,44.95,19430,0,서울특별시
202304,종로구,49,연어초밥,간식,27.86,24453,0,서울특별시
202203,강남구,42,필렛스테이크,식사,83.64,34272,0,서울특별시
202305,영등포구,45,떡볶이,식사,69.1,28643,1,서울특별시
202201,영등포구,49,필렛스테이크,식사,70.67,8387,0,서울특별시
202206,강남구,5,필렛스테이크,음료,52.81,28211,0,서울특별시
202208,강남구,39,불고기,음료,87.6,16794,1,서울특별시
202307,강남구,40,연어초밥,식사,22.78,31217,1,서울특별시
202205,영등포구,40,불고기,음료,40.17,28923,0,서울특별시
202306,종로구,16,불고기,간식,79.62,13182,0,서울특별시
202310,종로구,22,냉면,음료,13.3,17722,0,서울특별시
202310,강남구,46,연어초밥,식사,80.81,30169,0,서울특별시
202207,강남구,7,연어초밥,식사,35.26,32865,0,서울특별시
202203,종로구,33,떡볶이,식사,12.55,24297,1,서울특별시
202205,강남구,40,필렛스테이크,음료,7.91,13898,0,서울특별시
202305,종로구,40,연어초밥,간식,84.3,18518,1,서울특별시
202205,영등포구,31,냉면,식사,77.86,29483,0,서울특별시
202303,강남구,39,필렛스테이크,음료,28.8,24156,1,서울특별시
202209,종로구,45,냉면,음료,11.64,13445,0,서울특별시
202305,영등포구,39,떡볶이,간식,24.72,15711,0,서울특별시
202302,영등포구,10,필렛스테이크,음료,21.3,13321,0,서울특별시
202301,강남구,16,필렛스테이크,식사,73.31,20666,0,서울특별시
202306,강남구,18,냉면,간식,21.56,20035,0,서울특별시
202310,영등포구,20,필렛스테이크,음료,21.61,22627,0,서울특별시
202209,영등포구,21,떡볶이,간식,3.23,33513,1,서울특별시
202212,강남구,14,불고기,식사,59.69,25590,0,서울특별시
202302,종로구,35,불고기,음료,68.9,23807,0,서울특별시
202307,종로구,9,연어초밥,음료,65.35,17888,0,서울특별시
202211,영등포구,40,냉면,음료,56.86,25145,1,서울특별시
202209,영등포구,34,필렛스테이크,간식,96.61,33795,0,서울특별시
202307,종로구,48,연어초밥,식사,47.27,8262,0,서울특별시
202309,영등포구,5,떡볶이,식사,86.01,17444,0,서울특별시
202301,강남구,18,냉면,음료,64.6,9528,0,서울특별시
202203,강남구,45,냉면,음료,8.42,13500,0,서울특별시
202207,영등포구,27,불고기,식사,81.01,9807,0,서울특별시
202211,강남구,30,냉면,간식,58.44,23992,0,서울특별시
202304,영등포구,6,냉면,간식,65.35,30130,1,서울특별시
202303,강남구,39,필렛스테이크,간식,18.02,33387,0,서울특별시
202307,종로구,16,냉면,간식,43.75,14395,0,서울특별시
202201,강남구,48,냉면,음료,88.06,26884,0,서울특별시
202211,영등포구,21,냉면,음료,21.54,16878,1,서울특별시
202304,종로구,13,연어초밥,식사,0.01,16526,1,서울특별시
202310,강남구,31,필렛스테이크,간식,25.75,24468,0,서울특별시
202204,종로구,26,떡볶이,음료,48.75,26333,1,서울특별시
202308,강남구,26,불고기,식사,82.13,23766,0,서울특별시
202201,영등포구,47,떡볶이,음료,64.33,10693,0,서울특별시
202205,강남구,21,냉면,간식,91.91,19084,0,서울특별시
202307,종로구,22,떡볶이,간식,45.56,15713,1,서울특별시
202306,종로구,33,불고기,식사,39.08,8116,0,서울특별시
202310,강남구,12,필렛스테이크,음료,23.14,9097,0,서울특별시
202302,강남구,42,떡볶이,간식,21.81,20139,0,서울특별시
202302,종로구,15,불고기,간식,73.61,10711,0,서울특별시
202212,종로구,15,필렛스테이크,간식,8.04,27949,1,서울특별시
202212,강남구,5,불고기,식사,24.27,9519,0,서울특별시
202212,강남구,20,떡볶이,음료,88.59,14351,1,서울특별시
202207,영등포구,31,필렛스테이크,식사,57.69,34613,0,서울특별시
202307,영등포구,36,떡볶이,식사,4.66,27125,1,서울특별시
202208,종로구,45,떡볶이,음료,70.43,23049,1,서울특별시
202302,영등포구,40,냉면,식사,50.67,8409,0,서울특별시
202303,강남구,19,연어초밥,음료,85.45,9179,0,서울특별시
202212,영등포구,42,필렛스테이크,간식,68.24,32516,0,서울특별시
202302,영등포구,13,불고기,음료,0.44,29583,0,서울특별시
202202,강남구,14,냉면,식사,20.57,33651,0,서울특별시
202207,종로구,21,불고기,음료,25.8,29819,1,서울특별시
202210,영등포구,29,떡볶이,식사,70.22,8066,0,서울특별시
202209,종로구,14,냉면,음료,50.93,29750,0,서울특별시
202308,강남구,45,연어초밥,간식,74.74,20361,0,서울특별시
202308,종로구,17,연어초밥,식사,51.29,26693,0,서울특별시
202304,영등포구,22,냉면,간식,32.74,19173,0,서울특별시
202208,강남구,32,필렛스테이크,식사,10.37,27467,0,서울특별시
202202,종로구,24,떡볶이,식사,20.26,30730,1,서울특별시
202305,종로구,23,연어초밥,음료,40.08,34311,0,서울특별시
202308,종로구,49,떡볶이,간식,55.15,22599,0,서울특별시
202211,강남구,24,불고기,음료,93.86,15533,0,서울특별시
202307,강남구,10,떡볶이,음료,23.97,24506,0,서울특별시
202309,영등포구,37,불고기,간식,66.61,21496,0,서울특별시
202301,영등포구,36,불고기,간식,15.25,13467,0,서울특별시
202205,종로구,14,불고기,식사,71.38,27563,0,서울특별시
202201,영등포구,43,냉면,식사,1.13,10080,1,서울특별시
202305,영등포구,22,떡볶이,음료,65.59,18885,0,서울특별시
202301,종로구,11,냉면,식사,16.32,26692,0,서울특별시
202204,종로구,12,필렛스테이크,간식,18.03,32868,1,서울특별시
202202,영등포구,37,연어초밥,식사,55.89,24758,1,서울특별시
202310,종로구,14,불고기,음료,37.54,34440,0,서울특별시
202208,영등포구,26,연어초밥,간식,47.13,30472,1,서울특별시
202208,영등포구,38,냉면,간식,30.89,14376,1,서울특별시
202302,강남구,43,냉면,음료,95.35,30806,0,서울특별시
202209,종로구,27,연어초밥,식사,29.07,17076,0,서울특별시
202309,영등포구,45,필렛스테이크,식사,54.2,25037,0,서울특별시
202303,영등포구,18,연어초밥,간식,85.44,13422,0,서울특별시
202208,종로구,44,냉면,식사,66.42,22535,1,서울특별시
202206,영등포구,16,필렛스테이크,식사,32.28,26345,0,서울특별시
202307,종로구,7,필렛스테이크,식사,55.24,32678,0,서울특별시
202302,종로구,37,냉면,음료,8.3,33471,0,서울특별시
202309,강남구,39,떡볶이,식사,54.57,29634,0,서울특별시
202208,강남구,46,떡볶이,식사,43.14,23085,1,서울특별시
202201,영등포구,46,필렛스테이크,음료,75.79,31825,0,서울특별시
202308,영등포구,9,냉면,식사,84.79,10863,0,서울특별시
202206,영등포구,32,냉면,식사,19.96,34887,0,서울특별시
202307,영등포구,36,연어초밥,간식,8.15,13504,1,서울특별시
202304,강남구,32,불고기,식사,39.06,18894,1,서울특별시
202206,종로구,5,냉면,음료,53.42,32504,0,서울특별시
202305,종로구,7,불고기,간식,37.68,27357,0,서울특별시
202202,영등포구,35,불고기,음료,62.86,30944,0,서울특별시
202209,종로구,43,필렛스테이크,식사,50.57,26577,0,서울특별시
202208,영등포구,13,불고기,간식,93.66,24229,0,서울특별시
202303,영등포구,7,연어초밥,식사,40.94,12701,0,서울특별시
202212,영등포구,23,연어초밥,식사,8.25,34897,1,서울특별시
202302,영등포구,19,불고기,간식,30.19,25186,0,서울특별시
202211,영등포구,49,떡볶이,음료,60.59,26041,0,서울특별시
202305,강남구,46,떡볶이,식사,25.6,19558,1,서울특별시
202204,종로구,30,필렛스테이크,음료,26.9,33705,0,서울특별시
202304,종로구,47,필렛스테이크,식사,33.96,20167,1,서울특별시
202202,강남구,15,냉면,식사,74.61,13139,0,서울특별시
202202,종로구,49,떡볶이,간식,94.01,12863,1,서울특별시
202304,종로구,25,필렛스테이크,간식,35.04,26857,0,서울특별시
202204,종로구,26,연어초밥,간식,19.55,28107,1,서울특별시
202305,강남구,7,필렛스테이크,음료,42.06,13561,1,서울특별시
202203,종로구,12,떡볶이,식사,35.18,26844,0,서울특별시
202204,종로구,13,필렛스테이크,음료,99.0,34934,0,서울특별시
202309,강남구,26,불고기,음료,46.39,22371,0,서울특별시
202204,종로구,13,냉면,음료,67.93,34202,0,서울특별시
202309,강남구,9,불고기,식사,91.38,12231,1,서울특별시
202208,강남구,32,냉면,간식,62.91,18878,0,서울특별시
202306,종로구,44,떡볶이,음료,24.94,23035,1,서울특별시
202309,종로구,8,불고기,음료,60.74,17666,0,서울특별시
202203,영등포구,30,떡볶이,음료,40.19,10703,0,서울특별시
202208,강남구,48,냉면,음료,42.23,20372,1,서울특별시
202301,종로구,23,연어초밥,간식,97.93,17163,0,서울특별시
202308,영등포구,13,연어초밥,식사,27.86,13502,0,서울특별시
202205,강남구,8,불고기,식사,46.89,18053,0,서울특별시
202205,영등포구,47,불고기,식사,15.99,19286,0,서울특별시
202209,영등포구,23,냉면,음료,17.85,31852,0,서울특별시
202205,영등포구,9,불고기,식사,60.35,21271,0,서울특별시
202206,영등포구,43,필렛스테이크,간식,75.1,19220,0,서울특별시
202203,강남구,41,연어초밥,음료,63.65,18508,1,서울특별시
202307,종로구,36,떡볶이,식사,32.93,24158,0,서울특별시
202306,영등포구,8,떡볶이,간식,5.96,15440,0,서울특별시
202204,강남구,8,냉면,간식,47.03,31619,0,서울특별시
202212,종로구,14,떡볶이,음료,50.43,19306,0,서울특별시
202303,영등포구,12,불고기,간식,77.07,19495,1,서울특별시
202302,영등포구,28,연어초밥,간식,64.03,9724,0,서울특별시
202310,종로구,22,필렛스테이크,음료,87.13,31859,0,서울특별시
202303,영등포구,39,연어초밥,음료,78.3,20721,0,서울특별시
202304,영등포구,9,필렛스테이크,음료,36.59,11684,0,서울특별시
202201,강남구,37,떡볶이,음료,63.22,12628,0,서울특별시
202202,강남구,47,연어초밥,음료,74.73,17850,0,서울특별시
202302,영등포구,10,냉면,음료,95.69,29073,0,서울특별시
202308,강남구,34,연어초밥,음료,42.24,10557,0,서울특별시
202209,강남구,27,떡볶이,식사,64.83,11254,0,서울특별시
202303,종로구,9,떡볶이,간식,39.27,23145,0,서울특별시
202205,영등포구,18,떡볶이,식사,73.78,21473,0,서울특별시
202211,영등포구,40,냉면,간식,91.2,33846,0,서울특별시
202305,강남구,44,냉면,간식,91.92,28304,0,서울특별시
202303,종로구,21,연어초밥,음료,15.71,25737,0,서울특별시
202203,영등포구,9,연어초밥,간식,20.41,17068,0,서울특별시
202308,강남구,16,필렛스테이크,음료,75.49,24904,0,서울특별시
202309,종로구,42,떡볶이,음료,63.1,23778,0,서울특별시
202211,종로구,30,연어초밥,음료,90.51,15510,0,서울특별시
202208,영등포구,24,냉면,식사,31.38,18013,0,서울특별시
202212,영등포구,5,떡볶이,음료,84.8,33139,0,서울특별시
202306,영등포구,40,연어초밥,식사,68.38,22526,0,서울특별시
202210,강남구,25,필렛스테이크,간식,19.55,20731,0,서울특별시
202201,종로구,29,불고기,간식,12.65,29509,0,서울특별시
202202,영등포구,42,연어초밥,식사,70.27,15209,0,서울특별시
202306,종로구,30,연어초밥,음료,15.85,13929,0,서울특별시
202306,영등포구,46,불고기,음료,79.43,34667,1,서울특별시
202305,종로구,30,냉면,간식,55.71,29688,1,서울특별시
202203,종로구,20,필렛스테이크,식사,47.69,19424,0,서울특별시
202204,강남구,46,불고기,식사,27.55,33549,0,서울특별시
202209,영등포구,33,불고기,식사,98.38,18030,0,서울특별시
202206,영등포구,39,불고기,음료,72.22,26230,1,서울특별시
202209,영등포구,15,불고기,간식,77.81,8943,0,서울특별시
202301,강남구,35,연어초밥,식사,76.87,26835,0,서울특별시
202207,강남구,30,연어초밥,간식,58.4,12813,1,서울특별시
202203,강남구,9,필렛스테이크,음료,93.97,14516,0,서울특별시
202209,강남구,16,연어초밥,간식,58.38,29848,0,서울특별시
202304,강남구,46,연어초밥,간식,52.0,13549,0,서울특별시
202302,강남구,30,떡볶이,식사,27.37,21032,0,서울특별시
202208,영등포구,39,냉면,음료,28.17,32857,1,서울특별시
202207,강남구,12,필렛스테이크,식사,73.69,33781,0,서울특별시
202301,종로구,14,불고기,음료,33.48,19987,0,서울특별시
202204,종로구,47,떡볶이,식사,72.87,10264,0,서울특별시
202307,종로구,23,냉면,식사,95.27,15746,0,서울특별시
202308,영등포구,44,냉면,간식,43.93,24630,1,서울특별시
202201,강남구,41,불고기,식사,9.73,17098,1,서울특별시
202310,영등포구,20,연어초밥,식사,66.65,27439,1,서울특별시
202201,영등포구,47,냉면,식사,0.95,34797,1,서울특별시
202211,강남구,39,떡볶이,음료,78.7,24771,0,서울특별시
202303,영등포구,10,불고기,음료,52.57,24870,0,서울특별시
202208,종로구,9,연어초밥,식사,48.97,22306,0,서울특별시
202205,영등포구,10,떡볶이,간식,56.94,13035,0,서울특별시
202202,강남구,38,떡볶이,간식,51.64,23614,0,서울특별시
202305,강남구,11,필렛스테이크,간식,32.38,33160,0,서울특별시
202201,종로구,17,연어초밥,간식,28.15,26617,0,서울특별시
202211,영등포구,24,떡볶이,음료,41.53,28310,1,서울특별시
202209,강남구,11,냉면,간식,89.49,31308,0,서울특별시
202310,영등포구,19,떡볶이,간식,13.54,18461,0,서울특별시
202309,영등포구,35,연어초밥,음료,32.48,17081,1,서울특별시
202306,종로구,48,냉면,간식,19.23,34187,0,서울특별시
202305,영등포구,26,냉면,식사,42.71,20410,0,서울특별시
202212,영등포구,38,연어초밥,식사,13.35,27807,0,서울특별시
202208,강남구,28,불고기,간식,76.08,25169,1,서울특별시
202204,영등포구,25,필렛스테이크,식사,10.35,11336,1,서울특별시
202310,영등포구,28,냉면,음료,66.53,16483,0,서울특별시
202209,강남구,48,냉면,간식,26.77,16807,0,서울특별시
202210,종로구,7,불고기,식사,47.22,12827,0,서울특별시
202204,종로구,28,연어초밥,간식,20.0,29034,0,서울특별시
202207,영등포구,7,냉면,음료,73.02,34086,1,서울특별시
202302,영등포구,44,불고기,음료,94.83,34089,0,서울특별시
202210,종로구,32,떡볶이,음료,22.17,13257,1,서울특별시
202301,강남구,7,필렛스테이크,음료,95.32,20136,1,서울특별시
202205,강남구,33,냉면,간식,32.53,14283,0,서울특별시
202202,강남구,24,불고기,음료,55.78,9687,1,서울특별시
202308,종로구,7,떡볶이,음료,70.16,24704,0,서울특별시
202210,영등포구,49,필렛스테이크,간식,19.93,31210,0,서울특별시
202208,강남구,22,연어초밥,간식,44.48,10088,1,서울특별시
202207,영등포구,6,필렛스테이크,음료,6.78,25329,0,서울특별시
202303,종로구,32,불고기,간식,69.71,8919,1,서울특별시
202301,강남구,21,연어초밥,식사,41.66,30762,0,서울특별시
202209,강남구,34,불고기,식사,89.16,9728,0,서울특별시
202309,강남구,12,필렛스테이크,간식,27.4,19761,1,서울특별시
202308,영등포구,42,떡볶이,식사,92.36,11328,0,서울특별시
202205,강남구,23,연어초밥,식사,14.1,19128,0,서울특별시
202303,영등포구,23,필렛스테이크,식사,60.7,19588,0,서울특별시
202310,종로구,41,필렛스테이크,간식,30.78,22577,0,서울특별시
202211,강남구,29,떡볶이,간식,18.18,30390,0,서울특별시
202201,강남구,5,불고기,간식,9.39,34905,1,서울특별시
202203,종로구,31,냉면,간식,65.56,17233,0,서울특별시
202303,종로구,34,냉면,음료,23.32,32928,1,서울특별시
202308,영등포구,19,필렛스테이크,식사,57.28,19543,1,서울특별시
202203,종로구,13,연어초밥,간식,97.94,11194,0,서울특별시
202301,강남구,7,필렛스테이크,간식,31.6,24206,0,서울특별시
202211,강남구,43,연어초밥,식사,3.49,27514,0,서울특별시
202207,종로구,5,떡볶이,식사,14.28,16157,1,서울특별시
202302,종로구,31,필렛스테이크,식사,11.93,23921,0,서울특별시
202308,영등포구,42,불고기,식사,46.33,19678,0,서울특별시
202206,영등포구,20,떡볶이,식사,74.47,11915,1,서울특별시
202202,종로구,14,떡볶이,식사,29.64,18430,0,서울특별시
202208,종로구,37,불고기,식사,14.58,19542,0,서울특별시
202207,영등포구,33,냉면,음료,64.08,17230,1,서울특별시
202304,강남구,5,떡볶이,음료,30.12,32708,0,서울특별시
202212,종로구,30,떡볶이,간식,57.52,18486,0,서울특별시
202201,강남구,5,연어초밥,식사,93.38,24907,0,서울특별시
202208,종로구,22,연어초밥,음료,29.13,8300,1,서울특별시
202305,영등포구,18,불고기,식사,51.25,16459,1,서울특별시
202211,강남구,42,연어초밥,식사,80.68,31929,1,서울특별시
202301,강남구,48,필렛스테이크,간식,69.17,32096,1,서울특별시
202206,강남구,36,냉면,간식,75.15,34388,0,서울특별시
202208,강남구,38,냉면,식사,77.26,9535,0,서울특별시
202203,강남구,6,떡볶이,음료,53.99,31287,0,서울특별시
202202,영등포구,7,연어초밥,식사,53.61,15226,1,서울특별시
202201,영등포구,39,냉면,식사,71.89,8155,1,서울특별시
202302,종로구,24,냉면,간식,69.76,10497,0,서울특별시
202204,영등포구,27,연어초밥,간식,67.01,28273,1,서울특별시
202301,영등포구,36,냉면,음료,38.21,23981,0,서울특별시
202309,영등포구,20,연어초밥,식사,82.85,23473,0,서울특별시
202304,영등포구,35,떡볶이,간식,23.62,31813,0,서울특별시
202301,강남구,37,필렛스테이크,식사,15.57,10542,1,서울특별시
202203,종로구,15,냉면,식사,34.52,10233,0,서울특별시
202211,종로구,35,연어초밥,간식,25.38,33187,0,서울특별시
202308,종로구,12,연어초밥,음료,66.32,24368,1,서울특별시
202209,영등포구,18,필렛스테이크,식사,23.1,28957,0,서울특별시
202307,강남구,40,필렛스테이크,음료,65.65,22169,0,서울특별시
202304,영등포구,49,연어초밥,간식,51.32,11922,1,서울특별시
202206,영등포구,7,냉면,간식,15.25,22111,0,서울특별시
202204,강남구,34,필렛스테이크,음료,25.84,34029,0,서울특별시
202201,종로구,30,불고기,식사,52.17,11177,0,서울특별시
202207,영등포구,32,필렛스테이크,식사,73.31,11407,1,서울특별시
202208,강남구,40,떡볶이,음료,39.83,17358,0,서울특별시
202303,강남구,8,필렛스테이크,식사,23.28,20276,0,서울특별시
202301,영등포구,38,연어초밥,음료,29.51,24977,1,서울특별시
202211,강남구,17,떡볶이,음료,9.51,12292,0,서울특별시
202304,영등포구,11,연어초밥,음료,2.51,33216,1,서울특별시
202305,영등포구,25,연어초밥,간식,97.31,12055,1,서울특별시
202304,종로구,6,떡볶이,간식,9.64,13402,1,서울특별시
202308,종로구,33,불고기,음료,12.49,34130,0,서울특별시
202208,종로구,30,필렛스테이크,식사,87.1,18169,0,서울특별시
202307,종로구,28,필렛스테이크,식사,66.35,23447,0,서울특별시
202210,종로구,6,연어초밥,간식,43.61,19743,1,서울특별시
202205,종로구,39,불고기,간식,64.9,14997,1,서울특별시
202204,영등포구,6,필렛스테이크,음료,93.5,21681,0,서울특별시
202203,영등포구,16,냉면,음료,9.94,28962,0,서울특별시
202310,영등포구,22,떡볶이,간식,24.37,8308,0,서울특별시
202204,강남구,36,필렛스테이크,식사,86.03,31631,0,서울특별시
202307,강남구,23,냉면,식사,78.06,12977,1,서울특별시
202306,영등포구,41,연어초밥,음료,99.43,32775,1,서울특별시
202210,종로구,47,불고기,간식,31.39,33980,0,서울특별시
202309,종로구,39,연어초밥,간식,94.49,33190,1,서울특별시
202308,강남구,6,불고기,간식,34.37,25572,0,서울특별시
202309,강남구,39,떡볶이,음료,71.51,32450,0,서울특별시
202211,강남구,14,필렛스테이크,식사,88.27,31207,0,서울특별시
202207,종로구,44,냉면,식사,17.08,25251,0,서울특별시
202201,종로구,49,떡볶이,음료,20.56,32083,1,서울특별시
202307,종로구,8,불고기,간식,58.1,17246,0,서울특별시
202308,강남구,9,연어초밥,음료,84.38,30536,0,서울특별시
202212,강남구,36,불고기,식사,7.89,32990,0,서울특별시
202202,영등포구,11,불고기,식사,85.09,25150,0,서울특별시
202307,종로구,48,냉면,음료,34.31,11307,0,서울특별시
202207,강남구,29,냉면,음료,40.62,13780,0,서울특별시
202301,종로구,30,필렛스테이크,식사,33.99,12557,0,서울특별시
202303,종로구,43,떡볶이,음료,91.15,22394,0,서울특별시
202204,종로구,14,필렛스테이크,식사,13.08,19713,1,서울특별시
202202,강남구,30,필렛스테이크,식사,57.43,30338,0,서울특별시
202202,영등포구,49,연어초밥,음료,14.81,15658,0,서울특별시
202310,강남구,5,냉면,식사,92.86,12470,0,서울특별시
202310,영등포구,12,냉면,식사,79.79,24624,0,서울특별시
202210,종로구,11,떡볶이,식사,23.38,11752,0,서울특별시
202210,종로구,20,연어초밥,간식,29.78,32443,0,서울특별시
202209,종로구,10,연어초밥,식사,38.15,10191,1,서울특별시
202208,종로구,12,불고기,식사,40.54,21257,0,서울특별시
202212,종로구,43,연어초밥,식사,81.73,33615,0,서울특별시
202208,종로구,25,필렛스테이크,간식,56.45,22954,1,서울특별시
202302,강남구,21,연어초밥,간식,42.79,29824,0,서울특별시
202209,종로구,23,필렛스테이크,식사,71.94,19424,0,서울특별시
202302,강남구,48,떡볶이,간식,45.79,28380,0,서울특별시
202309,강남구,27,불고기,간식,12.82,27104,0,서울특별시
202205,영등포구,26,떡볶이,간식,10.75,21868,0,서울특별시
202202,강남구,46,떡볶이,간식,32.6,10718,1,서울특별시
202212,종로구,6,연어초밥,식사,60.29,34215,0,서울특별시
202203,강남구,26,필렛스테이크,간식,13.48,9311,1,서울특별시
202206,종로구,38,불고기,음료,55.01,17638,1,서울특별시
202306,종로구,28,냉면,식사,26.96,25316,0,서울특별시
202210,강남구,44,불고기,식사,69.54,28766,0,서울특별시
202301,영등포구,44,필렛스테이크,식사,2.83,22441,0,서울특별시
202306,강남구,20,떡볶이,음료,46.9,18833,0,서울특별시
202203,종로구,41,필렛스테이크,음료,5.23,18998,1,서울특별시
202211,종로구,15,필렛스테이크,음료,33.05,34343,0,서울특별시
202201,종로구,15,불고기,식사,1.56,17017,1,서울특별시
202211,종로구,48,떡볶이,간식,46.91,31073,0,서울특별시
202205,종로구,5,불고기,식사,76.7,9398,0,서울특별시
202309,강남구,20,연어초밥,음료,10.02,25803,0,서울특별시
202206,영등포구,33,필렛스테이크,간식,73.52,26375,0,서울특별시
202205,강남구,23,떡볶이,간식,58.42,26243,0,서울특별시
202201,종로구,43,떡볶이,간식,50.46,19379,0,서울특별시
202203,종로구,16,연어초밥,음료,59.95,26651,0,서울특별시
202205,종로구,29,연어초밥,음료,33.59,20022,0,서울특별시
202206,강남구,10,연어초밥,음료,71.03,24028,1,서울특별시
202305,영등포구,14,연어초밥,간식,77.97,32123,0,서울특별시
202308,종로구,12,필렛스테이크,음료,77.82,26154,0,서울특별시
202307,강남구,38,필렛스테이크,음료,26.95,27913,1,서울특별시
202310,강남구,14,연어초밥,간식,65.39,34161,1,서울특별시
202308,종로구,35,연어초밥,음료,14.81,13924,1,서울특별시
202211,종로구,20,불고기,음료,49.54,23874,1,서울특별시
202209,종로구,30,불고기,음료,0.26,25743,0,서울특별시
202303,영등포구,44,연어초밥,식사,19.36,26772,0,서울특별시
202208,영등포구,43,냉면,음료,63.17,11570,0,서울특별시
202302,영등포구,5,필렛스테이크,간식,87.44,28525,0,서울특별시
202310,영등포구,40,떡볶이,식사,4.9,13239,1,서울특별시
202205,영등포구,48,필렛스테이크,간식,55.86,19044,0,서울특별시
202305,영등포구,35,떡볶이,음료,63.68,27282,1,서울특별시
202309,종로구,13,연어초밥,음료,93.24,15102,1,서울특별시
202212,종로구,34,떡볶이,음료,65.51,11399,0,서울특별시
202208,종로구,33,떡볶이,음료,10.3,26234,0,서울특별시
202206,강남구,34,불고기,간식,14.67,15565,1,서울특별시
202204,영등포구,24,필렛스테이크,음료,63.58,30310,1,서울특별시
202208,종로구,28,연어초밥,식사,21.56,32247,1,서울특별시
202305,종로구,34,떡볶이,식사,92.83,17445,1,서울특별시
202212,영등포구,25,연어초밥,식사,92.07,27934,0,서울특별시
202205,영등포구,39,불고기,음료,94.87,14051,0,서울특별시
202212,영등포구,36,냉면,간식,29.3,33095,0,서울특별시
202306,영등포구,18,불고기,음료,71.69,14635,0,서울특별시
202201,영등포구,32,냉면,간식,66.3,31809,0,서울특별시
202201,강남구,39,불고기,간식,3.56,29236,0,서울특별시
202310,강남구,27,필렛스테이크,음료,26.56,16439,1,서울특별시
202305,강남구,37,연어초밥,간식,20.68,30259,0,서울특별시
202301,영등포구,10,필렛스테이크,간식,37.08,25074,1,서울특별시
202308,영등포구,22,떡볶이,식사,95.31,26078,0,서울특별시
202301,영등포구,36,필렛스테이크,간식,84.56,18224,0,서울특별시
202212,영등포구,45,연어초밥,식사,29.34,14320,0,서울특별시
202205,영등포구,34,냉면,식사,53.0,26821,1,서울특별시
202306,영등포구,34,필렛스테이크,식사,19.23,9410,1,서울특별시
202305,영등포구,20,연어초밥,식사,27.74,17408,0,서울특별시
202207,강남구,36,필렛스테이크,식사,6.5,11821,0,서울특별시
202305,종로구,21,불고기,식사,64.26,8035,0,서울특별시
202304,종로구,7,불고기,식사,65.69,8200,0,서울특별시
202203,종로구,16,불고기,음료,83.85,10536,0,서울특별시
202204,종로구,32,필렛스테이크,식사,87.16,33371,0,서울특별시
202302,강남구,48,연어초밥,간식,16.01,28817,1,서울특별시
202302,강남구,27,냉면,식사,74.3,34712,1,서울특별시
202303,강남구,43,냉면,음료,13.47,10268,0,서울특별시
202209,강남구,40,필렛스테이크,식사,37.37,34930,1,서울특별시
202307,영등포구,30,떡볶이,음료,51.55,24184,0,서울특별시
202210,종로구,41,떡볶이,간식,4.95,29445,1,서울특별시
202205,영등포구,23,연어초밥,음료,15.68,31160,0,서울특별시
202203,영등포구,24,필렛스테이크,간식,27.11,15074,0,서울특별시
202308,영등포구,38,불고기,간식,12.75,28009,1,서울특별시
202304,강남구,33,떡볶이,음료,93.41,25484,0,서울특별시
202211,종로구,28,불고기,음료,28.83,19162,1,서울특별시
202205,강남구,24,냉면,간식,50.12,21279,1,서울특별시
202203,강남구,48,필렛스테이크,음료,99.65,13632,0,서울특별시
202204,강남구,7,떡볶이,음료,56.66,12999,0,서울특별시
202203,강남구,7,불고기,음료,41.15,32908,0,서울특별시
202212,강남구,26,필렛스테이크,음료,92.98,27754,0,서울특별시
202205,영등포구,6,불고기,식사,22.25,23292,0,서울특별시
202203,종로구,20,불고기,간식,17.95,26748,1,서울특별시
202207,종로구,30,연어초밥,간식,53.54,18946,0,서울특별시
202304,종로구,23,연어초밥,음료,42.73,14749,0,서울특별시
202211,영등포구,14,냉면,식사,79.7,33435,0,서울특별시
202204,강남구,17,떡볶이,음료,4.2,34718,1,서울특별시
202305,종로구,32,필렛스테이크,식사,61.77,13805,1,서울특별시
202211,강남구,47,연어초밥,간식,71.07,29652,0,서울특별시
202205,종로구,40,연어초밥,음료,97.19,19941,0,서울특별시
202304,종로구,29,연어초밥,식사,14.58,27115,1,서울특별시
202310,영등포구,11,불고기,음료,24.62,10933,0,서울특별시
202212,종로구,15,필렛스테이크,음료,93.24,20945,1,서울특별시
202204,강남구,24,필렛스테이크,식사,63.06,11371,1,서울특별시
202207,종로구,16,연어초밥,식사,3.8,29990,1,서울특별시
202302,영등포구,35,연어초밥,식사,7.73,18762,0,서울특별시
202310,종로구,21,떡볶이,음료,78.54,15120,1,서울특별시
202309,종로구,42,필렛스테이크,음료,56.75,26890,1,서울특별시
202309,강남구,17,냉면,간식,56.54,33776,0,서울특별시
202307,강남구,27,불고기,식사,87.99,17150,1,서울특별시
202301,강남구,37,떡볶이,식사,24.11,27380,0,서울특별시
202303,강남구,14,필렛스테이크,식사,16.04,26619,1,서울특별시
202305,종로구,39,필렛스테이크,간식,61.38,21227,0,서울특별시
202304,영등포구,31,냉면,음료,88.24,29740,0,서울특별시
202303,종로구,34,불고기,식사,26.53,11454,0,서울특별시
202203,종로구,25,연어초밥,음료,68.13,31694,0,서울특별시
202308,영등포구,47,필렛스테이크,식사,15.24,18911,0,서울특별시
202201,영등포구,39,냉면,간식,17.19,9207,1,서울특별시
202210,종로구,13,연어초밥,음료,90.15,34713,0,서울특별시
202210,영등포구,30,떡볶이,간식,11.8,28890,1,서울특별시
202310,강남구,45,냉면,간식,2.43,30037,0,서울특별시
202202,종로구,17,냉면,간식,77.49,11972,0,서울특별시
202211,종로구,29,냉면,간식,36.25,28266,1,서울특별시
202208,영등포구,38,떡볶이,식사,39.67,26853,0,서울특별시
202203,종로구,17,연어초밥,식사,79.99,32373,1,서울특별시
202205,영등포구,28,떡볶이,음료,17.99,18034,1,서울특별시
202210,강남구,29,떡볶이,음료,65.03,33040,0,서울특별시
202309,강남구,12,연어초밥,음료,31.35,27110,1,서울특별시
202209,영등포구,12,불고기,식사,10.43,14851,0,서울특별시
202308,영등포구,30,냉면,식사,68.75,13773,0,서울특별시
202305,영등포구,13,연어초밥,식사,31.87,32389,0,서울특별시
202307,강남구,47,냉면,식사,86.66,25414,1,서울특별시
202307,강남구,28,불고기,간식,91.9,11194,0,서울특별시
202304,강남구,36,떡볶이,식사,84.91,11388,0,서울특별시
202305,종로구,22,냉면,음료,32.24,30345,1,서울특별시
202204,종로구,18,필렛스테이크,식사,23.66,12583,0,서울특별시
202304,영등포구,26,떡볶이,간식,89.28,13912,1,서울특별시
202202,영등포구,36,연어초밥,식사,45.29,24590,0,서울특별시
202305,영등포구,22,필렛스테이크,간식,70.77,31312,0,서울특별시
202303,강남구,17,불고기,식사,82.72,17092,0,서울특별시
202305,강남구,11,필렛스테이크,간식,27.77,25974,0,서울특별시
202303,종로구,29,떡볶이,음료,11.91,27002,0,서울특별시
202209,종로구,35,떡볶이,음료,62.48,24209,1,서울특별시
202209,영등포구,28,불고기,식사,59.02,26499,1,서울특별시
202302,강남구,16,냉면,간식,27.02,14143,0,서울특별시
202211,강남구,16,불고기,음료,58.47,24784,0,서울특별시
202208,강남구,21,떡볶이,간식,79.04,8095,0,서울특별시
202211,영등포구,20,냉면,간식,35.0,27724,0,서울특별시
202212,영등포구,14,연어초밥,간식,24.23,29392,0,서울특별시
202206,영등포구,47,연어초밥,음료,72.5,29436,0,서울특별시
202303,종로구,19,필렛스테이크,간식,78.59,8795,1,서울특별시
202207,강남구,16,떡볶이,음료,95.43,32608,1,서울특별시
202206,영등포구,32,냉면,음료,14.76,19730,1,서울특별시
202210,강남구,41,필렛스테이크,간식,88.93,10173,0,서울특별시
202203,강남구,25,냉면,식사,76.51,22430,0,서울특별시
202302,영등포구,35,불고기,식사,70.19,23431,0,서울특별시
202305,종로구,9,불고기,간식,31.31,18855,0,서울특별시
202310,강남구,28,냉면,음료,2.22,28216,0,서울특별시
202207,종로구,7,연어초밥,간식,50.76,22680,1,서울특별시
202212,강남구,11,필렛스테이크,식사,28.58,13857,0,서울특별시
202212,강남구,31,떡볶이,음료,28.98,24743,0,서울특별시
202305,영등포구,14,연어초밥,식사,92.71,15117,0,서울특별시
202302,강남구,6,연어초밥,간식,15.3,11205,1,서울특별시
202306,영등포구,13,불고기,식사,93.42,15208,0,서울특별시
202307,종로구,39,떡볶이,식사,50.38,32450,1,서울특별시
202203,종로구,31,냉면,음료,83.83,23452,0,서울특별시
202208,영등포구,22,필렛스테이크,음료,28.36,16578,0,서울특별시
202303,종로구,48,필렛스테이크,식사,63.39,17886,1,서울특별시
202212,강남구,22,떡볶이,식사,55.66,31216,0,서울특별시
202211,영등포구,44,떡볶이,간식,92.42,25984,1,서울특별시
202204,종로구,20,필렛스테이크,음료,17.93,28890,0,서울특별시
202301,종로구,6,필렛스테이크,간식,20.46,24476,0,서울특별시
202305,종로구,9,불고기,음료,94.9,34789,0,서울특별시
202201,종로구,17,불고기,간식,9.8,25742,1,서울특별시
202302,종로구,13,연어초밥,간식,63.47,18807,1,서울특별시
202308,영등포구,12,필렛스테이크,식사,6.06,14812,0,서울특별시
202301,강남구,22,필렛스테이크,음료,7.7,9250,0,서울특별시
202309,종로구,48,냉면,음료,59.71,28719,0,서울특별시
202208,종로구,14,연어초밥,식사,55.14,33187,0,서울특별시
202201,종로구,15,떡볶이,음료,57.3,25928,0,서울특별시
202304,강남구,49,불고기,음료,47.37,21153,0,서울특별시
202205,종로구,14,냉면,간식,74.24,11527,1,서울특별시
202201,강남구,42,떡볶이,음료,99.22,25387,0,서울특별시
202204,종로구,32,불고기,간식,27.58,13404,0,서울특별시
202309,영등포구,46,냉면,식사,32.34,24797,1,서울특별시
202306,종로구,30,연어초밥,음료,32.3,16126,0,서울특별시
202207,영등포구,31,필렛스테이크,식사,76.33,31378,1,서울특별시
202302,종로구,15,냉면,음료,34.8,33273,0,서울특별시
202208,강남구,30,필렛스테이크,식사,67.67,14324,0,서울특별시
202204,종로구,35,냉면,간식,44.59,16811,0,서울특별시
202310,강남구,49,냉면,음료,60.78,32894,0,서울특별시
202306,영등포구,9,연어초밥,간식,82.9,8536,1,서울특별시
202208,영등포구,12,불고기,음료,51.41,21949,0,서울특별시
202208,종로구,5,필렛스테이크,식사,47.52,11823,0,서울특별시
202306,영등포구,40,필렛스테이크,식사,26.7,19688,0,서울특별시
202211,강남구,8,떡볶이,식사,51.59,8868,0,서울특별시
202209,강남구,46,냉면,식사,26.24,11792,0,서울특별시
202209,강남구,21,냉면,식사,84.36,18876,1,서울특별시
202210,종로구,17,떡볶이,간식,38.89,9621,0,서울특별시
202212,강남구,48,불고기,식사,12.91,29523,0,서울특별시
202201,종로구,37,연어초밥,음료,24.0,23606,0,서울특별시
202211,영등포구,29,연어초밥,식사,53.46,20161,0,서울특별시
202210,종로구,45,연어초밥,음료,91.63,20754,0,서울특별시
202207,종로구,38,연어초밥,음료,30.06,30652,1,서울특별시
202208,강남구,33,필렛스테이크,음료,26.44,30826,1,서울특별시
202210,강남구,19,불고기,음료,40.66,9283,0,서울특별시
202209,영등포구,49,떡볶이,음료,96.78,26500,0,서울특별시
202308,영등포구,37,떡볶이,음료,84.52,20682,0,서울특별시
202212,강남구,47,불고기,간식,14.97,29138,1,서울특별시
202212,강남구,48,떡볶이,간식,61.38,29251,0,서울특별시
202206,영등포구,29,냉면,간식,79.19,27124,0,서울특별시
202309,강남구,21,불고기,간식,76.8,26217,1,서울특별시
202201,종로구,47,냉면,간식,48.88,13722,0,서울특별시
202301,영등포구,49,필렛스테이크,식사,73.18,31026,1,서울특별시
202204,영등포구,10,떡볶이,음료,58.36,26921,0,서울특별시
202305,종로구,33,필렛스테이크,음료,20.14,15393,0,서울특별시
202209,종로구,32,떡볶이,음료,5.61,14283,0,서울특별시
202207,영등포구,38,냉면,식사,36.95,21522,0,서울특별시
202202,영등포구,48,떡볶이,음료,6.19,17256,0,서울특별시
202306,영등포구,16,필렛스테이크,간식,39.5,26275,0,서울특별시
202209,종로구,48,불고기,식사,82.89,18974,1,서울특별시
202206,영등포구,33,불고기,음료,84.43,12549,0,서울특별시
202307,영등포구,8,냉면,음료,3.41,18667,0,서울특별시
202201,강남구,27,불고기,음료,6.95,30026,0,서울특별시
202211,강남구,11,냉면,간식,66.99,30428,0,서울특별시
202204,영등포구,48,떡볶이,식사,50.0,16409,1,서울특별시
202203,강남구,39,냉면,식사,14.94,29487,0,서울특별시
202201,영등포구,45,필렛스테이크,음료,80.55,10519,1,서울특별시
202205,종로구,32,떡볶이,음료,21.65,34568,0,서울특별시
202309,강남구,22,냉면,식사,7.81,28673,0,서울특별시
202210,종로구,24,필렛스테이크,음료,74.95,9102,1,서울특별시
202310,영등포구,47,연어초밥,식사,60.81,27035,0,서울특별시
202206,영등포구,11,냉면,음료,39.44,21338,0,서울특별시
202305,종로구,44,떡볶이,식사,69.27,31859,0,서울특별시
202202,강남구,23,필렛스테이크,음료,91.14,14479,1,서울특별시
202203,영등포구,31,연어초밥,식사,3.42,32086,0,서울특별시
202201,영등포구,35,떡볶이,간식,62.77,31506,0,서울특별시
202308,종로구,8,떡볶이,음료,21.82,15520,0,서울특별시
202303,종로구,11,필렛스테이크,음료,47.41,19673,0,서울특별시
202305,종로구,12,떡볶이,간식,42.4,25316,1,서울특별시
202309,강남구,40,냉면,음료,39.0,14486,0,서울특별시
202208,강남구,8,냉면,식사,19.04,34976,0,서울특별시
202304,강남구,32,냉면,간식,80.26,13155,0,서울특별시
202212,영등포구,9,필렛스테이크,음료,37.95,14582,0,서울특별시
202212,강남구,39,떡볶이,식사,88.72,21518,1,서울특별시
202303,종로구,48,필렛스테이크,간식,35.47,20767,0,서울특별시
202211,종로구,23,연어초밥,간식,83.97,9355,1,서울특별시
202201,강남구,14,필렛스테이크,간식,54.45,32574,0,서울특별시
202202,영등포구,25,불고기,음료,38.56,14483,0,서울특별시
202212,강남구,36,냉면,간식,70.4,10783,0,서울특별시
202301,영등포구,37,필렛스테이크,음료,78.67,22018,0,서울특별시
202305,영등포구,33,불고기,간식,48.27,33062,0,서울특별시
202301,영등포구,31,떡볶이,음료,42.54,8061,0,서울특별시
202205,강남구,33,불고기,간식,57.74,21180,1,서울특별시
202209,영등포구,14,필렛스테이크,음료,58.52,32591,1,서울특별시
202210,종로구,14,필렛스테이크,간식,42.55,32112,0,서울특별시
202310,종로구,46,떡볶이,음료,75.77,12612,0,서울특별시
202212,영등포구,31,필렛스테이크,음료,39.97,24777,1,서울특별시
202302,종로구,43,연어초밥,식사,45.3,30571,0,서울특별시
202305,강남구,33,필렛스테이크,식사,60.53,26128,0,서울특별시
202208,강남구,25,냉면,식사,98.68,25744,1,서울특별시
202310,종로구,30,연어초밥,간식,26.07,28870,0,서울특별시
202303,종로구,36,떡볶이,간식,23.2,20237,0,서울특별시
202307,강남구,13,불고기,식사,17.69,9812,0,서울특별시
202305,강남구,25,냉면,음료,68.94,25266,0,서울특별시
202302,영등포구,37,불고기,음료,44.91,24949,0,서울특별시
202201,종로구,8,연어초밥,간식,38.86,30989,1,서울특별시
202301,영등포구,8,필렛스테이크,식사,20.41,32946,1,서울특별시
202203,강남구,12,불고기,음료,89.11,17119,0,서울특별시
202302,강남구,31,연어초밥,식사,44.32,33815,1,서울특별시
202304,강남구,15,연어초밥,식사,60.77,8267,1,서울특별시
202212,종로구,24,필렛스테이크,음료,11.25,34144,0,서울특별시
202207,영등포구,11,냉면,음료,10.8,11707,1,서울특별시
202202,종로구,16,불고기,간식,6.74,25437,1,서울특별시
202303,강남구,5,불고기,식사,36.73,26446,1,서울특별시
202304,영등포구,41,연어초밥,식사,47.29,25098,1,서울특별시
202211,종로구,25,연어초밥,음료,24.46,34755,0,서울특별시
202304,종로구,12,떡볶이,식사,34.97,22916,0,서울특별시
202306,강남구,28,연어초밥,음료,0.63,11549,1,서울특별시
202212,종로구,46,불고기,간식,35.11,24403,1,서울특별시
202202,종로구,42,필렛스테이크,간식,11.92,15853,0,서울특별시
202308,영등포구,44,불고기,음료,12.84,24527,0,서울특별시
202211,강남구,23,냉면,간식,0.45,18277,0,서울특별시
202303,강남구,21,필렛스테이크,간식,69.64,9145,1,서울특별시
202309,영등포구,19,냉면,간식,93.13,25212,0,서울특별시
202208,종로구,18,연어초밥,식사,62.15,10399,0,서울특별시
202302,강남구,46,연어초밥,간식,9.62,16852,0,서울특별시
202201,강남구,11,떡볶이,간식,98.96,24724,0,서울특별시
202308,종로구,43,냉면,식사,97.56,31791,1,서울특별시
202202,종로구,46,떡볶이,간식,46.82,16483,0,서울특별시
202212,강남구,42,필렛스테이크,간식,10.79,16058,0,서울특별시
202208,종로구,33,필렛스테이크,식사,72.07,16138,0,서울특별시
202201,영등포구,43,불고기,음료,96.15,23528,1,서울특별시
202211,영등포구,6,불고기,음료,77.87,13222,0,서울특별시
202309,종로구,41,필렛스테이크,간식,62.42,22232,0,서울특별시
202204,종로구,27,연어초밥,식사,61.08,29628,0,서울특별시
202207,종로구,48,냉면,간식,97.79,10179,1,서울특별시
202205,강남구,8,떡볶이,음료,7.31,34036,1,서울특별시
202203,강남구,46,냉면,식사,14.96,22358,1,서울특별시
202206,영등포구,30,연어초밥,음료,83.08,24949,0,서울특별시
202301,강남구,9,필렛스테이크,음료,14.51,24667,1,서울특별시
202306,영등포구,27,떡볶이,식사,38.33,33526,1,서울특별시
202304,강남구,6,떡볶이,식사,28.15,25945,0,서울특별시
202305,영등포구,8,필렛스테이크,음료,24.34,31864,1,서울특별시
202304,영등포구,28,불고기,음료,2.57,15721,1,서울특별시
202209,영등포구,41,불고기,음료,56.63,13884,1,서울특별시
202308,영등포구,9,필렛스테이크,간식,40.12,25376,1,서울특별시
202204,강남구,16,연어초밥,간식,55.16,12145,0,서울특별시
202304,종로구,22,불고기,간식,30.45,11001,0,서울특별시
202203,종로구,29,필렛스테이크,간식,94.15,13712,0,서울특별시
202305,종로구,5,떡볶이,음료,59.13,15315,0,서울특별시
202202,강남구,33,불고기,식사,96.12,10597,0,서울특별시
202205,영등포구,27,떡볶이,식사,35.0,27675,0,서울특별시
202209,강남구,48,냉면,식사,0.23,23737,1,서울특별시
202304,영등포구,18,냉면,음료,78.13,13408,0,서울특별시
202202,영등포구,27,필렛스테이크,음료,82.74,15631,1,서울특별시
202206,강남구,8,냉면,식사,5.87,33104,0,서울특별시
202208,영등포구,46,불고기,식사,62.54,32648,0,서울특별시
202305,종로구,42,떡볶이,식사,66.1,11325,0,서울특별시
202310,강남구,20,냉면,식사,14.57,24562,0,서울특별시
202302,영등포구,25,불고기,간식,55.25,16723,0,서울특별시
202212,강남구,43,필렛스테이크,간식,24.32,17709,0,서울특별시
202208,강남구,18,냉면,간식,1.65,24194,0,서울특별시
202307,영등포구,15,필렛스테이크,식사,86.69,34585,0,서울특별시
202203,영등포구,15,불고기,간식,49.17,23735,0,서울특별시
202203,강남구,36,연어초밥,음료,78.17,33736,0,서울특별시
202205,강남구,14,연어초밥,간식,72.29,30149,0,서울특별시
202206,강남구,8,떡볶이,음료,99.37,29022,0,서울특별시
202211,강남구,12,연어초밥,음료,43.8,29338,0,서울특별시
202309,강남구,49,떡볶이,음료,42.76,29375,1,서울특별시
202303,종로구,44,냉면,간식,28.18,14893,0,서울특별시
202209,강남구,47,연어초밥,식사,62.51,34386,1,서울특별시
202205,강남구,17,떡볶이,간식,48.61,32794,1,서울특별시
202303,강남구,24,불고기,간식,72.88,24212,0,서울특별시
202206,영등포구,27,떡볶이,음료,35.65,27201,0,서울특별시
202310,영등포구,28,필렛스테이크,음료,13.08,31760,0,서울특별시
202211,영등포구,6,필렛스테이크,간식,86.24,12121,0,서울특별시
202301,종로구,31,냉면,간식,82.8,9750,0,서울특별시
202308,종로구,6,떡볶이,음료,35.1,34883,0,서울특별시
202207,종로구,17,떡볶이,음료,69.04,22959,1,서울특별시
202211,영등포구,18,냉면,음료,49.24,27496,0,서울특별시
202212,영등포구,35,연어초밥,간식,76.1,21567,0,서울특별시
202206,영등포구,45,불고기,간식,39.01,21968,1,서울특별시
202202,종로구,36,냉면,간식,53.56,9018,0,서울특별시
202207,영등포구,24,불고기,간식,5.78,15814,0,서울특별시
202203,영등포구,28,연어초밥,식사,17.49,10347,0,서울특별시
202303,영등포구,28,연어초밥,식사,78.18,19672,0,서울특별시
202201,종로구,11,연어초밥,간식,38.16,8589,1,서울특별시
202207,종로구,48,필렛스테이크,간식,3.51,29669,0,서울특별시
202308,종로구,46,떡볶이,식사,16.76,15938,0,서울특별시
202301,종로구,15,불고기,식사,41.16,28011,0,서울특별시
202303,종로구,10,냉면,음료,71.79,9444,0,서울특별시
202303,강남구,12,냉면,간식,36.35,8899,0,서울특별시
202207,영등포구,33,떡볶이,간식,74.52,19425,0,서울특별시
202302,종로구,6,불고기,음료,85.81,29277,0,서울특별시
202205,영등포구,9,불고기,식사,34.11,29944,0,서울특별시
202302,강남구,34,불고기,음료,80.04,22705,1,서울특별시
202304,영등포구,11,필렛스테이크,음료,12.69,24573,1,서울특별시
202308,영등포구,8,연어초밥,간식,41.53,26596,1,서울특별시
202309,강남구,5,떡볶이,간식,9.76,26192,0,서울특별시
202201,종로구,36,냉면,음료,5.25,28012,1,서울특별시
202207,영등포구,21,냉면,식사,6.45,8850,1,서울특별시
202301,영등포구,17,연어초밥,식사,10.48,19579,0,서울특별시
202208,영등포구,33,불고기,음료,83.57,30667,0,서울특별시
202302,종로구,12,떡볶이,식사,54.37,19874,0,서울특별시
202307,강남구,28,떡볶이,음료,94.74,11947,1,서울특별시
202206,영등포구,26,불고기,음료,53.8,25962,1,서울특별시
202308,영등포구,35,떡볶이,간식,62.87,16171,1,서울특별시
202308,영등포구,33,연어초밥,식사,18.45,21806,0,서울특별시
202309,강남구,35,냉면,음료,54.06,21953,1,서울특별시
202202,종로구,14,떡볶이,음료,38.53,26801,0,서울특별시
202207,강남구,11,연어초밥,간식,93.14,33109,0,서울특별시
202203,영등포구,29,냉면,식사,93.39,26727,0,서울특별시
202203,영등포구,7,떡볶이,간식,19.85,34950,1,서울특별시
202202,강남구,25,필렛스테이크,간식,62.01,8511,1,서울특별시
202210,강남구,33,불고기,식사,63.82,29131,0,서울특별시
202202,종로구,41,필렛스테이크,간식,56.25,19261,0,서울특별시
202207,종로구,34,필렛스테이크,식사,12.43,27691,0,서울특별시
202310,종로구,49,냉면,음료,65.4,10301,0,서울특별시
202308,종로구,30,연어초밥,간식,79.91,22247,1,서울특별시
202309,영등포구,25,떡볶이,음료,34.52,8808,0,서울특별시
202201,영등포구,16,불고기,간식,51.46,25971,0,서울특별시
202303,영등포구,35,필렛스테이크,음료,11.63,13846,0,서울특별시
202302,종로구,41,떡볶이,음료,93.07,11899,1,서울특별시
202203,영등포구,19,떡볶이,식사,10.95,10134,1,서울특별시
202308,영등포구,8,냉면,간식,20.84,15268,0,서울특별시
202209,강남구,5,냉면,음료,29.85,33913,0,서울특별시
202310,영등포구,33,떡볶이,간식,82.58,34585,1,서울특별시
202203,종로구,34,연어초밥,식사,70.07,10170,0,서울특별시
202303,종로구,10,연어초밥,음료,0.7,34449,0,서울특별시
202203,영등포구,6,연어초밥,식사,18.36,23864,0,서울특별시
202309,영등포구,34,연어초밥,음료,75.02,16720,1,서울특별시
202302,영등포구,22,필렛스테이크,음료,40.38,33442,1,서울특별시
202202,영등포구,23,연어초밥,식사,2.62,14508,0,서울특별시
202205,종로구,16,냉면,식사,96.39,12905,0,서울특별시
202208,종로구,37,연어초밥,음료,15.12,14196,0,서울특별시
202201,종로구,38,필렛스테이크,간식,51.05,11934,0,서울특별시
202201,영등포구,7,떡볶이,음료,24.83,21091,0,서울특별시
202309,강남구,9,연어초밥,음료,73.75,11795,0,서울특별시
202310,종로구,29,필렛스테이크,식사,77.67,14041,0,서울특별시
202212,영등포구,32,연어초밥,음료,39.72,18026,0,서울특별시
202308,강남구,11,필렛스테이크,간식,65.84,25509,0,서울특별시
202303,종로구,12,냉면,음료,90.91,31167,0,서울특별시
202201,강남구,35,연어초밥,식사,81.48,10020,1,서울특별시
202304,강남구,25,불고기,식사,41.49,25028,0,서울특별시
202201,종로구,10,냉면,간식,44.15,10799,1,서울특별시
202306,강남구,32,필렛스테이크,간식,88.69,34749,1,서울특별시
202209,강남구,8,불고기,간식,3.44,15477,1,서울특별시
202204,종로구,15,냉면,식사,2.28,31134,0,서울특별시
202206,종로구,37,필렛스테이크,간식,20.58,28990,0,서울특별시
202304,강남구,15,떡볶이,음료,82.76,16757,0,서울특별시
202307,종로구,7,연어초밥,음료,15.32,16728,0,서울특별시
202301,강남구,48,연어초밥,음료,28.53,16561,0,서울특별시
202204,종로구,15,연어초밥,식사,62.91,20712,0,서울특별시
202308,강남구,28,필렛스테이크,음료,18.42,19935,0,서울특별시
202306,강남구,42,연어초밥,간식,30.31,25728,1,서울특별시
202210,종로구,49,불고기,음료,46.69,20536,0,서울특별시
202301,영등포구,41,연어초밥,음료,22.81,29290,1,서울특별시
202310,종로구,20,냉면,식사,99.24,20594,1,서울특별시
202209,종로구,43,필렛스테이크,음료,16.34,16291,0,서울특별시
202201,종로구,5,불고기,간식,84.99,16821,0,서울특별시
202204,강남구,19,필렛스테이크,음료,47.01,27736,0,서울특별시
202302,강남구,13,불고기,간식,12.91,11795,1,서울특별시
202310,종로구,28,떡볶이,식사,11.85,15723,1,서울특별시
202305,종로구,45,필렛스테이크,음료,50.03,16415,0,서울특별시
202302,종로구,39,불고기,식사,35.35,25400,0,서울특별시
202208,영등포구,49,떡볶이,음료,23.46,11485,0,서울특별시
202210,종로구,11,연어초밥,식사,95.89,20173,1,서울특별시
202201,강남구,38,필렛스테이크,음료,46.34,26215,1,서울특별시
202209,종로구,37,불고기,간식,92.88,33018,1,서울특별시
202302,종로구,25,불고기,식사,16.4,19816,0,서울특별시
202308,강남구,9,떡볶이,식사,18.35,34516,0,서울특별시
202309,종로구,9,연어초밥,식사,59.6,24407,0,서울특별시
202307,영등포구,46,필렛스테이크,음료,26.99,28901,0,서울특별시
202201,종로구,18,떡볶이,음료,18.49,14558,0,서울특별시
202306,종로구,33,연어초밥,음료,9.47,32717,1,서울특별시
202205,강남구,47,냉면,간식,7.63,14997,1,서울특별시
202302,강남구,27,떡볶이,간식,75.32,11685,0,서울특별시
202309,강남구,14,불고기,음료,28.22,10133,0,서울특별시
202308,영등포구,26,연어초밥,식사,97.84,25670,0,서울특별시
202303,영등포구,15,떡볶이,음료,18.31,24964,1,서울특별시
202207,종로구,13,냉면,간식,35.44,13355,1,서울특별시
202212,영등포구,41,냉면,간식,37.49,31724,0,서울특별시
202304,종로구,20,연어초밥,간식,50.02,15478,0,서울특별시
202212,종로구,35,불고기,음료,87.06,24465,0,서울특별시
202209,종로구,37,불고기,음료,83.48,22116,0,서울특별시
202209,강남구,29,냉면,음료,1.0,23992,0,서울특별시
202302,종로구,29,떡볶이,식사,40.93,28033,0,서울특별시
202201,영등포구,13,냉면,식사,82.79,33039,0,서울특별시
202310,종로구,28,필렛스테이크,음료,0.02,27480,0,서울특별시
202203,영등포구,38,연어초밥,음료,53.36,32493,0,서울특별시
202310,강남구,13,필렛스테이크,식사,25.95,31475,1,서울특별시
202201,강남구,15,냉면,음료,41.28,17691,0,서울특별시
202212,강남구,36,떡볶이,식사,42.03,23100,0,서울특별시
202210,종로구,49,냉면,음료,39.18,13348,1,서울특별시
202301,영등포구,22,필렛스테이크,음료,89.2,33011,0,서울특별시
202210,종로구,42,떡볶이,간식,53.65,34109,0,서울특별시
202308,종로구,13,연어초밥,식사,90.37,31972,0,서울특별시
202201,종로구,30,필렛스테이크,음료,72.67,28049,1,서울특별시
202310,종로구,47,불고기,식사,35.11,30924,0,서울특별시
202304,영등포구,24,연어초밥,간식,49.36,29440,0,서울특별시
202306,강남구,27,냉면,간식,38.99,14197,0,서울특별시
202204,강남구,11,떡볶이,식사,82.86,15123,1,서울특별시
202202,영등포구,28,떡볶이,간식,18.76,22349,0,서울특별시
202209,종로구,31,필렛스테이크,음료,93.64,19353,0,서울특별시
202208,강남구,49,떡볶이,식사,58.04,27878,0,서울특별시
202306,영등포구,14,떡볶이,간식,61.18,27874,0,서울특별시
202308,강남구,21,필렛스테이크,식사,51.68,34354,0,서울특별시
202210,강남구,34,연어초밥,간식,55.45,29288,0,서울특별시
202305,강남구,47,냉면,식사,66.77,8314,0,서울특별시
202202,강남구,15,떡볶이,식사,65.5,17192,0,서울특별시
202305,영등포구,36,불고기,간식,21.41,16832,1,서울특별시
202203,영등포구,44,불고기,식사,58.24,25106,0,서울특별시
202303,종로구,33,떡볶이,식사,35.46,17243,0,서울특별시
202209,영등포구,24,불고기,음료,63.7,34419,1,서울특별시
202210,강남구,15,불고기,음료,54.78,15790,1,서울특별시
202207,종로구,17,연어초밥,식사,17.97,19813,0,서울특별시
202209,강남구,7,연어초밥,음료,73.47,30070,1,서울특별시
202308,영등포구,11,불고기,간식,45.7,17913,0,서울특별시
202306,종로구,24,냉면,식사,55.14,9216,1,서울특별시
202208,영등포구,11,냉면,음료,67.26,16971,0,서울특별시
202207,종로구,5,냉면,간식,65.29,17704,0,서울특별시
202212,종로구,36,불고기,식사,74.89,24527,1,서울특별시
202304,영등포구,8,필렛스테이크,식사,20.68,27215,0,서울특별시
202205,영등포구,11,연어초밥,음료,11.04,22815,1,서울특별시
202304,강남구,31,떡볶이,식사,66.92,18981,0,서울특별시
202309,영등포구,46,불고기,간식,23.6,21574,0,서울특별시
202307,영등포구,37,필렛스테이크,식사,11.46,11889,1,서울특별시
202301,강남구,6,떡볶이,음료,13.12,12887,0,서울특별시
202208,영등포구,12,연어초밥,음료,31.28,24493,1,서울특별시
202208,강남구,38,필렛스테이크,간식,99.18,31366,1,서울특별시
202305,종로구,37,연어초밥,간식,15.73,22110,0,서울특별시
202211,강남구,22,연어초밥,간식,29.85,9629,0,서울특별시
202203,강남구,47,떡볶이,간식,92.07,34509,0,서울특별시
202303,종로구,44,연어초밥,음료,96.33,16751,0,서울특별시
202204,영등포구,38,연어초밥,음료,22.88,28210,0,서울특별시
202310,영등포구,38,떡볶이,식사,88.05,32238,0,서울특별시
202210,종로구,40,연어초밥,음료,13.89,34626,1,서울특별시
202208,영등포구,11,불고기,식사,76.15,11144,0,서울특별시
202202,강남구,36,필렛스테이크,식사,1.3,13031,1,서울특별시
202204,영등포구,47,필렛스테이크,간식,40.66,25426,0,서울특별시
202309,강남구,15,냉면,식사,24.73,28563,0,서울특별시
202212,종로구,5,필렛스테이크,음료,70.4,30539,0,서울특별시
202308,영등포구,21,불고기,음료,1.61,22894,0,서울특별시
202310,강남구,17,냉면,식사,46.49,12281,0,서울특별시
202202,종로구,47,떡볶이,식사,69.67,27237,0,서울특별시
202209,영등포구,25,필렛스테이크,간식,4.67,26045,1,서울특별시
202307,영등포구,34,필렛스테이크,음료,89.74,20623,1,서울특별시
202211,강남구,49,필렛스테이크,간식,36.12,25215,0,서울특별시
202212,종로구,40,불고기,음료,16.53,13734,1,서울특별시
202301,강남구,38,떡볶이,식사,22.55,29893,1,서울특별시
202304,종로구,48,냉면,간식,33.89,9234,0,서울특별시
202309,종로구,35,필렛스테이크,식사,19.84,30652,1,서울특별시
202308,강남구,15,떡볶이,식사,51.06,30633,0,서울특별시
202302,영등포구,37,냉면,음료,63.29,26561,0,서울특별시
202301,종로구,19,필렛스테이크,식사,43.34,29999,0,서울특별시
202208,종로구,19,불고기,식사,42.7,32647,1,서울특별시
202203,강남구,34,필렛스테이크,간식,78.17,12388,1,서울특별시
202304,강남구,19,연어초밥,음료,30.1,22705,1,서울특별시
202201,종로구,6,불고기,간식,62.28,25419,1,서울특별시
202304,종로구,49,필렛스테이크,식사,89.29,33452,0,서울특별시
202211,강남구,30,떡볶이,음료,22.15,27918,0,서울특별시
202306,영등포구,35,불고기,간식,61.99,24047,0,서울특별시
202309,종로구,41,떡볶이,음료,94.8,23055,0,서울특별시
202301,강남구,33,떡볶이,식사,52.98,11880,0,서울특별시
202301,종로구,32,연어초밥,음료,97.69,16565,1,서울특별시
202211,강남구,40,떡볶이,식사,31.0,19696,0,서울특별시
202209,강남구,18,냉면,음료,56.43,31785,0,서울특별시
202202,강남구,42,필렛스테이크,간식,31.1,31269,1,서울특별시
202201,강남구,37,필렛스테이크,음료,0.37,25345,1,서울특별시
202304,종로구,13,연어초밥,간식,99.73,10861,0,서울특별시
202309,영등포구,11,떡볶이,식사,24.01,27445,0,서울특별시
202202,강남구,44,떡볶이,식사,97.31,20391,1,서울특별시
202208,강남구,45,필렛스테이크,간식,65.3,25607,0,서울특별시
202302,강남구,49,연어초밥,식사,90.39,19697,0,서울특별시
202304,강남구,9,떡볶이,간식,96.72,27474,0,서울특별시
202305,강남구,45,연어초밥,식사,56.78,13873,0,서울특별시
202304,강남구,43,필렛스테이크,간식,99.97,11916,0,서울특별시
202202,영등포구,39,불고기,식사,76.73,13936,0,서울특별시
202206,종로구,27,냉면,식사,52.38,32910,0,서울특별시
202211,종로구,27,떡볶이,간식,65.49,10036,0,서울특별시
202202,영등포구,24,연어초밥,간식,19.43,15716,0,서울특별시
202208,강남구,6,연어초밥,간식,1.1,17246,0,서울특별시
202209,강남구,27,떡볶이,간식,25.68,30586,0,서울특별시
202310,종로구,15,냉면,간식,43.5,17699,0,서울특별시
202207,종로구,14,냉면,간식,22.81,32121,1,서울특별시
202310,강남구,7,불고기,간식,51.4,34677,0,서울특별시
202304,종로구,25,냉면,음료,65.79,25583,0,서울특별시
202304,강남구,7,연어초밥,간식,65.58,17262,0,서울특별시
202307,강남구,43,필렛스테이크,간식,89.38,24154,1,서울특별시
202307,종로구,45,냉면,음료,96.63,26069,0,서울특별시
202205,영등포구,41,연어초밥,간식,89.07,10944,0,서울특별시
202210,영등포구,18,냉면,음료,62.02,30491,1,서울특별시
202212,영등포구,12,떡볶이,간식,20.58,19777,1,서울특별시
202310,종로구,27,연어초밥,식사,94.35,30836,0,서울특별시
202201,강남구,35,불고기,간식,17.49,24514,0,서울특별시
202211,강남구,5,필렛스테이크,음료,15.14,31242,1,서울특별시
202205,종로구,43,냉면,식사,31.76,10210,1,서울특별시
202205,강남구,24,떡볶이,식사,57.36,9145,1,서울특별시
202305,강남구,41,냉면,간식,68.15,11009,1,서울특별시
202205,강남구,8,떡볶이,음료,1.33,31611,1,서울특별시
202306,강남구,24,필렛스테이크,간식,77.8,34823,1,서울특별시
202310,종로구,25,불고기,간식,17.5,34964,0,서울특별시
202306,종로구,7,필렛스테이크,간식,29.65,16970,1,서울특별시
202204,강남구,36,필렛스테이크,간식,32.21,15135,1,서울특별시
202204,종로구,46,연어초밥,식사,33.24,17442,0,서울특별시
202210,영등포구,29,불고기,간식,76.04,30064,0,서울특별시
202301,종로구,22,연어초밥,음료,4.09,14791,0,서울특별시
202306,강남구,33,필렛스테이크,음료,19.65,22779,1,서울특별시
202210,강남구,21,불고기,음료,2.23,25442,0,서울특별시
202204,종로구,21,냉면,식사,77.83,17757,0,서울특별시
202310,강남구,39,필렛스테이크,간식,98.37,20773,0,서울특별시
202308,영등포구,31,연어초밥,식사,65.95,25959,0,서울특별시
202303,영등포구,16,떡볶이,식사,59.01,29341,0,서울특별시
202304,종로구,23,냉면,음료,90.81,13119,0,서울특별시
202309,영등포구,42,필렛스테이크,간식,25.5,21837,0,서울특별시
202211,영등포구,28,연어초밥,식사,6.65,12167,0,서울특별시
202204,강남구,8,냉면,음료,51.0,8416,0,서울특별시
202302,종로구,43,떡볶이,음료,26.03,25419,0,서울특별시
202210,종로구,38,필렛스테이크,간식,45.11,21032,0,서울특별시
202306,종로구,17,연어초밥,음료,45.63,15003,1,서울특별시
202305,종로구,48,냉면,음료,31.88,9490,1,서울특별시
202211,종로구,47,떡볶이,간식,48.63,33540,1,서울특별시
202209,영등포구,49,불고기,음료,38.02,30323,0,서울특별시
202210,강남구,22,불고기,식사,11.31,33252,0,서울특별시
202302,종로구,46,불고기,간식,86.67,11068,1,서울특별시
202303,강남구,41,필렛스테이크,간식,70.13,8379,0,서울특별시
202212,영등포구,44,불고기,음료,4.13,13857,0,서울특별시
202212,강남구,29,필렛스테이크,간식,11.58,10713,0,서울특별시
202310,강남구,17,불고기,간식,9.65,20419,0,서울특별시
202206,강남구,15,필렛스테이크,식사,6.17,25426,0,서울특별시
202204,종로구,48,필렛스테이크,간식,5.91,13269,0,서울특별시
202306,종로구,27,떡볶이,식사,15.71,18710,0,서울특별시
202309,영등포구,46,냉면,간식,84.79,22558,0,서울특별시
202302,종로구,29,불고기,간식,82.82,16567,0,서울특별시
202209,강남구,29,필렛스테이크,음료,78.31,20438,1,서울특별시
202208,종로구,8,연어초밥,간식,61.47,23937,1,서울특별시
202211,강남구,23,떡볶이,식사,72.35,33718,0,서울특별시
202202,종로구,30,불고기,간식,73.85,16375,0,서울특별시
202212,영등포구,9,연어초밥,식사,88.93,10386,0,서울특별시
202206,강남구,12,불고기,간식,73.23,31449,0,서울특별시
202206,영등포구,31,연어초밥,식사,73.65,23571,1,서울특별시
202301,강남구,16,불고기,식사,80.41,20746,1,서울특별시
202310,영등포구,36,필렛스테이크,음료,55.64,27450,0,서울특별시
202205,영등포구,25,필렛스테이크,식사,21.3,34492,1,서울특별시
202309,영등포구,23,불고기,간식,8.45,11445,0,서울특별시
202212,영등포구,10,연어초밥,음료,41.9,31236,0,서울특별시
202310,영등포구,23,연어초밥,간식,9.17,25184,1,서울특별시
202209,강남구,29,필렛스테이크,음료,16.93,23805,0,서울특별시
202310,강남구,30,연어초밥,간식,2.38,31334,0,서울특별시
202303,종로구,17,연어초밥,음료,30.02,16212,1,서울특별시
202303,종로구,6,떡볶이,간식,97.0,29264,0,서울특별시
202301,종로구,47,연어초밥,식사,37.89,23404,0,서울특별시
202210,영등포구,48,떡볶이,음료,24.09,33249,0,서울특별시
202212,강남구,45,떡볶이,음료,40.34,20628,0,서울특별시
202307,영등포구,18,떡볶이,음료,30.13,27455,0,서울특별시
202306,종로구,32,떡볶이,식사,67.39,21427,0,서울특별시
202201,강남구,11,필렛스테이크,음료,63.45,18637,0,서울특별시
202304,영등포구,45,연어초밥,간식,2.73,18137,0,서울특별시
202307,강남구,5,연어초밥,음료,51.13,32852,0,서울특별시
202305,종로구,26,냉면,음료,3.62,30621,1,서울특별시
202211,영등포구,43,떡볶이,식사,67.74,14084,0,서울특별시
202208,영등포구,37,필렛스테이크,간식,93.58,31371,0,서울특별시
202303,강남구,43,떡볶이,식사,90.75,23759,1,서울특별시
202303,강남구,27,필렛스테이크,식사,20.57,10812,0,서울특별시
202209,강남구,9,연어초밥,간식,74.26,28672,0,서울특별시
202209,강남구,5,냉면,간식,79.31,12382,0,서울특별시
202209,영등포구,11,떡볶이,간식,86.44,31551,0,서울특별시
202201,영등포구,7,필렛스테이크,음료,25.96,20271,1,서울특별시
202201,종로구,25,떡볶이,식사,45.08,32746,0,서울특별시
202202,종로구,7,연어초밥,식사,22.15,21043,1,서울특별시
202210,강남구,13,연어초밥,음료,2.43,10294,0,서울특별시
202212,강남구,23,불고기,식사,65.9,28700,0,서울특별시
202209,강남구,38,불고기,식사,43.15,27603,0,서울특별시
202310,영등포구,35,필렛스테이크,간식,24.81,16163,0,서울특별시
202205,강남구,7,냉면,식사,84.71,13510,0,서울특별시
202209,강남구,45,불고기,식사,49.57,31322,0,서울특별시
202206,영등포구,29,필렛스테이크,식사,99.47,29036,0,서울특별시
202207,종로구,20,필렛스테이크,간식,79.34,16042,1,서울특별시
202301,종로구,22,불고기,음료,86.92,26918,1,서울특별시
202207,강남구,43,연어초밥,음료,77.33,14501,0,서울특별시
202207,강남구,25,연어초밥,음료,10.59,12896,1,서울특별시
202303,종로구,16,불고기,음료,6.5,25925,0,서울특별시
202307,종로구,24,필렛스테이크,간식,91.51,30486,0,서울특별시
202205,종로구,8,냉면,간식,13.82,32804,0,서울특별시
202203,강남구,11,떡볶이,음료,39.12,20468,0,서울특별시
202206,강남구,19,불고기,식사,60.99,11871,0,서울특별시
202301,강남구,14,떡볶이,음료,21.19,22684,0,서울특별시
202310,종로구,20,불고기,음료,22.53,26382,1,서울특별시
202204,강남구,7,필렛스테이크,간식,46.62,34227,0,서울특별시
202201,강남구,32,필렛스테이크,간식,36.09,11028,1,서울특별시
202212,종로구,10,연어초밥,음료,67.66,25728,0,서울특별시
202310,종로구,14,냉면,음료,7.51,21832,0,서울특별시
202301,강남구,49,불고기,식사,48.88,23891,0,서울특별시
202309,영등포구,5,냉면,음료,17.43,10502,0,서울특별시
202303,종로구,17,필렛스테이크,간식,60.67,8452,0,서울특별시
202201,종로구,27,필렛스테이크,식사,11.62,24375,1,서울특별시
202210,종로구,18,불고기,식사,19.76,13378,0,서울특별시
202305,강남구,19,불고기,음료,80.39,24576,0,서울특별시
202212,종로구,10,연어초밥,간식,23.52,8717,1,서울특별시
202205,종로구,24,연어초밥,식사,73.71,29634,0,서울특별시
202204,강남구,38,떡볶이,간식,27.31,16999,1,서울특별시
202303,종로구,31,필렛스테이크,간식,23.5,20181,0,서울특별시
202211,강남구,46,연어초밥,식사,29.92,17301,0,서울특별시
202301,종로구,36,연어초밥,간식,88.09,19295,0,서울특별시
202209,강남구,40,필렛스테이크,간식,39.72,22318,0,서울특별시
202208,강남구,24,연어초밥,음료,24.38,25430,0,서울특별시
202303,종로구,32,필렛스테이크,간식,53.66,26623,0,서울특별시
202201,종로구,31,불고기,식사,38.56,34734,1,서울특별시
202210,영등포구,41,떡볶이,간식,79.02,12842,1,서울특별시
202209,종로구,27,떡볶이,음료,99.04,31534,0,서울특별시
202306,강남구,23,연어초밥,식사,52.66,24244,0,서울특별시
202305,종로구,8,연어초밥,음료,45.17,16358,1,서울특별시
202210,영등포구,43,연어초밥,식사,34.3,32758,0,서울특별시
202206,강남구,24,떡볶이,간식,97.33,27085,0,서울특별시
202206,영등포구,40,불고기,간식,48.33,12995,0,서울특별시
202205,종로구,35,냉면,음료,17.8,12719,0,서울특별시
202207,강남구,5,필렛스테이크,음료,96.92,25795,0,서울특별시
202305,영등포구,34,필렛스테이크,음료,96.09,27701,1,서울특별시
202201,강남구,26,냉면,음료,43.57,9230,0,서울특별시
202201,종로구,15,불고기,음료,34.82,24959,1,서울특별시
202212,강남구,16,연어초밥,식사,68.04,22340,1,서울특별시
202205,종로구,33,필렛스테이크,간식,82.89,34175,0,서울특별시
202307,강남구,8,필렛스테이크,음료,49.85,28021,1,서울특별시
202305,강남구,32,불고기,식사,33.08,32549,0,서울특별시
202305,종로구,43,불고기,간식,30.14,8919,1,서울특별시
202211,영등포구,8,냉면,간식,32.66,28634,0,서울특별시
202210,강남구,5,연어초밥,음료,11.8,17008,0,서울특별시
202210,종로구,7,불고기,식사,77.86,22940,0,서울특별시
202205,영등포구,37,불고기,식사,10.5,31704,1,서울특별시
202301,강남구,43,연어초밥,식사,39.83,31487,0,서울특별시
202307,종로구,49,냉면,간식,83.49,14087,1,서울특별시
202206,영등포구,6,필렛스테이크,간식,40.41,14482,0,서울특별시
202202,영등포구,26,불고기,간식,29.48,27517,0,서울특별시
202301,강남구,7,떡볶이,식사,94.83,31708,0,서울특별시
202209,영등포구,21,불고기,식사,12.65,24530,0,서울특별시
202306,영등포구,18,연어초밥,간식,88.49,9474,0,서울특별시
202307,종로구,32,떡볶이,식사,6.21,12419,0,서울특별시
202309,종로구,45,필렛스테이크,음료,41.35,28234,1,서울특별시
202209,영등포구,41,떡볶이,식사,63.17,28026,1,서울특별시
202308,영등포구,7,불고기,음료,37.0,32205,0,서울특별시
202203,영등포구,15,필렛스테이크,간식,53.46,22366,0,서울특별시
202209,영등포구,17,불고기,음료,20.4,19545,0,서울특별시
202206,종로구,16,필렛스테이크,음료,56.9,11024,1,서울특별시
202309,강남구,20,냉면,간식,13.46,29112,1,서울특별시
202302,강남구,32,필렛스테이크,음료,79.61,33633,1,서울특별시
202209,영등포구,38,불고기,식사,58.38,9222,1,서울특별시
202204,종로구,47,떡볶이,식사,48.19,21282,0,서울특별시
202306,강남구,36,연어초밥,간식,5.47,17592,0,서울특별시
202303,강남구,18,연어초밥,음료,49.98,28117,1,서울특별시
202307,강남구,13,연어초밥,음료,56.36,28615,0,서울특별시
202210,종로구,21,불고기,간식,26.57,13877,0,서울특별시
202204,종로구,40,냉면,식사,67.76,33704,0,서울특별시
202208,종로구,49,필렛스테이크,음료,7.68,11703,1,서울특별시
202302,영등포구,22,떡볶이,간식,20.87,29092,0,서울특별시
202206,종로구,12,떡볶이,식사,73.75,28015,1,서울특별시
202202,영등포구,5,연어초밥,식사,14.72,12382,0,서울특별시
202307,영등포구,8,냉면,음료,24.55,26193,0,서울특별시
202212,강남구,33,연어초밥,음료,65.09,15300,0,서울특별시
202209,강남구,31,연어초밥,음료,72.88,15400,1,서울특별시
202301,영등포구,33,냉면,식사,5.15,10336,0,서울특별시
202305,종로구,6,냉면,음료,12.66,28149,1,서울특별시
202201,영등포구,24,떡볶이,식사,44.61,29804,0,서울특별시
202210,종로구,13,냉면,음료,59.28,21634,1,서울특별시
202206,강남구,20,불고기,음료,45.38,28950,1,서울특별시
202203,영등포구,32,필렛스테이크,간식,64.71,17412,0,서울특별시
202201,영등포구,17,필렛스테이크,식사,75.6,23258,1,서울특별시
202210,종로구,34,냉면,음료,94.95,29246,0,서울특별시
202212,종로구,18,필렛스테이크,식사,34.99,19631,1,서울특별시
202212,강남구,27,떡볶이,간식,16.31,24653,1,서울특별시
202306,영등포구,25,떡볶이,식사,26.41,11917,0,서울특별시
202211,종로구,22,필렛스테이크,간식,14.82,21696,0,서울특별시
202301,영등포구,10,연어초밥,음료,39.42,30974,1,서울특별시
202306,강남구,30,불고기,음료,87.26,28873,1,서울특별시
202303,영등포구,49,연어초밥,간식,34.71,16103,0,서울특별시
202309,영등포구,33,떡볶이,식사,14.88,22710,1,서울특별시
202205,영등포구,38,떡볶이,음료,52.26,24731,0,서울특별시
202306,종로구,41,필렛스테이크,간식,99.19,33340,0,서울특별시
202304,영등포구,6,떡볶이,식사,18.82,30378,0,서울특별시
202301,종로구,40,연어초밥,음료,77.79,30087,0,서울특별시
202201,영등포구,15,불고기,음료,82.34,28324,0,서울특별시
202212,영등포구,34,연어초밥,식사,40.13,17671,0,서울특별시
202307,영등포구,49,냉면,식사,61.96,18179,0,서울특별시
202303,영등포구,45,떡볶이,식사,43.24,20552,0,서울특별시
202201,강남구,23,필렛스테이크,간식,26.23,19502,1,서울특별시
202207,영등포구,42,연어초밥,식사,42.61,33847,1,서울특별시
202301,영등포구,32,냉면,간식,9.53,31634,1,서울특별시
202306,종로구,10,불고기,음료,70.7,32170,0,서울특별시
202210,종로구,15,불고기,식사,82.92,24403,1,서울특별시
202307,영등포구,48,냉면,음료,30.74,13162,0,서울특별시
202306,종로구,46,냉면,식사,56.65,11880,0,서울특별시
202206,종로구,45,냉면,식사,23.21,15406,1,서울특별시
202205,영등포구,22,떡볶이,음료,12.75,25577,0,서울특별시
202308,영등포구,19,필렛스테이크,간식,66.36,17839,1,서울특별시
202301,강남구,41,연어초밥,음료,13.41,25690,0,서울특별시
202307,영등포구,5,불고기,간식,78.2,31755,0,서울특별시
202309,강남구,45,떡볶이,간식,27.18,17028,0,서울특별시
202210,강남구,32,필렛스테이크,음료,81.85,33040,0,서울특별시
202202,영등포구,33,연어초밥,음료,36.85,21822,0,서울특별시
202308,강남구,24,연어초밥,음료,36.88,29663,0,서울특별시
202301,강남구,49,연어초밥,간식,75.06,9614,0,서울특별시
202203,강남구,38,떡볶이,음료,51.03,15444,1,서울특별시
202212,종로구,7,필렛스테이크,식사,20.1,33133,0,서울특별시
202201,강남구,28,연어초밥,간식,85.04,31950,0,서울특별시
202207,강남구,43,필렛스테이크,식사,34.02,23415,0,서울특별시
202208,종로구,8,떡볶이,식사,10.28,8887,0,서울특별시
202210,강남구,38,냉면,식사,41.6,9612,0,서울특별시
202301,강남구,16,떡볶이,간식,57.4,19415,0,서울특별시
202307,영등포구,27,필렛스테이크,음료,60.99,32246,1,서울특별시
202208,종로구,44,불고기,간식,83.56,18195,0,서울특별시
202305,강남구,27,떡볶이,음료,54.14,31869,1,서울특별시
202309,강남구,6,필렛스테이크,간식,22.37,22451,0,서울특별시
202305,영등포구,5,냉면,간식,26.17,11639,0,서울특별시
202206,강남구,38,냉면,식사,10.08,23137,0,서울특별시
202303,강남구,46,떡볶이,음료,73.59,17836,0,서울특별시
202207,종로구,18,떡볶이,식사,10.59,14085,0,서울특별시
202211,영등포구,47,불고기,식사,60.58,26228,0,서울특별시
202302,종로구,25,필렛스테이크,음료,59.69,13523,0,서울특별시
202207,영등포구,7,불고기,간식,78.55,32448,0,서울특별시
202201,종로구,28,냉면,식사,7.46,29696,0,서울특별시
202307,강남구,48,연어초밥,간식,20.29,29115,1,서울특별시
202305,영등포구,16,냉면,간식,90.96,10057,1,서울특별시
202203,영등포구,48,연어초밥,식사,57.22,33939,0,서울특별시
202209,영등포구,34,연어초밥,음료,45.77,21318,0,서울특별시
202206,강남구,22,연어초밥,음료,74.77,27789,0,서울특별시
202310,종로구,36,떡볶이,식사,90.25,13174,1,서울특별시
202309,종로구,23,불고기,간식,26.3,28737,0,서울특별시
202304,강남구,8,필렛스테이크,식사,90.15,16628,0,서울특별시
202210,영등포구,44,냉면,음료,10.87,27091,1,서울특별시
202202,강남구,21,불고기,간식,97.77,15486,0,서울특별시
202206,강남구,30,연어초밥,식사,16.49,33173,0,서울특별시
202203,영등포구,38,냉면,간식,26.62,27130,1,서울특별시
202306,종로구,8,불고기,간식,9.66,20211,1,서울특별시
202202,영등포구,37,연어초밥,간식,80.37,20312,0,서울특별시
202303,종로구,21,떡볶이,음료,98.42,8007,0,서울특별시
202309,영등포구,29,연어초밥,간식,29.7,16084,0,서울특별시
202207,강남구,25,필렛스테이크,간식,32.56,29309,0,서울특별시
202304,영등포구,39,불고기,식사,27.9,30446,0,서울특별시
202308,강남구,13,불고기,간식,15.48,34991,0,서울특별시
202210,강남구,9,냉면,식사,78.74,10316,0,서울특별시
202210,종로구,23,필렛스테이크,음료,6.07,14769,1,서울특별시
202205,종로구,10,떡볶이,식사,96.78,28691,1,서울특별시
202210,강남구,15,불고기,음료,92.73,17756,1,서울특별시
202308,영등포구,34,연어초밥,간식,11.84,14704,0,서울특별시
202303,강남구,41,냉면,음료,52.95,15597,0,서울특별시
202205,영등포구,36,필렛스테이크,간식,99.29,32786,0,서울특별시
202212,강남구,19,냉면,식사,85.26,31162,0,서울특별시
202304,강남구,41,연어초밥,음료,71.51,8150,0,서울특별시
202202,강남구,23,떡볶이,음료,2.25,30695,1,서울특별시
202305,종로구,13,연어초밥,식사,6.84,23029,0,서울특별시
202205,종로구,39,필렛스테이크,식사,79.4,30800,0,서울특별시
202207,강남구,28,필렛스테이크,간식,37.64,24801,0,서울특별시
202210,종로구,21,연어초밥,음료,66.84,26585,1,서울특별시
202212,영등포구,34,냉면,간식,73.92,23587,0,서울특별시
202309,강남구,37,떡볶이,식사,42.22,27835,0,서울특별시
202205,강남구,15,냉면,음료,14.34,30005,0,서울특별시
202206,종로구,10,떡볶이,간식,38.67,21722,1,서울특별시
202209,영등포구,28,떡볶이,간식,87.1,11028,0,서울특별시
202307,강남구,7,연어초밥,간식,33.11,10513,0,서울특별시
202310,강남구,33,떡볶이,식사,6.26,19220,1,서울특별시
202210,강남구,24,필렛스테이크,식사,95.91,20780,1,서울특별시
202304,종로구,14,필렛스테이크,간식,68.07,31320,0,서울특별시
202309,강남구,31,불고기,간식,54.09,8894,1,서울특별시
202307,종로구,21,불고기,식사,82.91,31995,0,서울특별시
202303,종로구,22,불고기,식사,41.12,9488,0,서울특별시
202212,강남구,14,불고기,음료,98.51,21455,0,서울특별시
202310,영등포구,35,떡볶이,식사,85.76,19412,0,서울특별시
202206,영등포구,45,불고기,식사,28.05,23065,0,서울특별시
202208,영등포구,32,불고기,간식,37.1,9147,1,서울특별시
202304,영등포구,15,떡볶이,음료,27.57,28625,1,서울특별시
202201,강남구,42,냉면,음료,65.93,11626,0,서울특별시
202212,영등포구,10,떡볶이,간식,63.93,29049,1,서울특별시
202307,강남구,18,떡볶이,음료,52.25,23305,1,서울특별시
202204,강남구,6,연어초밥,간식,96.58,31978,0,서울특별시
202306,종로구,43,떡볶이,음료,47.23,34427,1,서울특별시
202210,영등포구,7,떡볶이,식사,78.37,30784,1,서울특별시
202307,종로구,29,불고기,식사,65.81,20207,1,서울특별시
202302,종로구,13,불고기,음료,51.82,19189,0,서울특별시
202204,종로구,14,냉면,음료,4.21,25900,1,서울특별시
202305,종로구,32,연어초밥,음료,65.75,25543,1,서울특별시
202202,종로구,41,필렛스테이크,간식,64.26,29337,0,서울특별시
202206,종로구,5,불고기,간식,12.49,21047,0,서울특별시
202308,종로구,12,불고기,식사,79.59,20492,0,서울특별시
202308,종로구,17,냉면,간식,46.7,11184,0,서울특별시
202202,강남구,47,냉면,음료,32.41,12561,0,서울특별시
202209,강남구,7,떡볶이,식사,82.4,30185,0,서울특별시
202203,강남구,13,냉면,간식,34.34,34708,1,서울특별시
202206,종로구,23,떡볶이,식사,62.19,24247,1,서울특별시
202310,강남구,19,불고기,간식,61.79,17293,0,서울특별시
202205,강남구,7,불고기,음료,5.28,9566,0,서울특별시
202303,영등포구,29,떡볶이,음료,42.28,9170,0,서울특별시
202306,강남구,32,냉면,간식,22.28,26275,0,서울특별시
202308,영등포구,12,불고기,음료,19.96,25327,0,서울특별시
202208,강남구,35,연어초밥,음료,65.5,15643,0,서울특별시
202304,영등포구,7,불고기,음료,1.14,13096,1,서울특별시
202211,강남구,37,불고기,음료,96.91,9870,0,서울특별시
202203,종로구,16,연어초밥,간식,39.54,26424,0,서울특별시
202205,영등포구,15,연어초밥,음료,29.88,24377,1,서울특별시
202305,강남구,13,연어초밥,식사,92.0,16998,0,서울특별시
202304,종로구,44,연어초밥,음료,48.67,27769,0,서울특별시
202212,영등포구,27,불고기,음료,61.43,30821,0,서울특별시
202306,강남구,36,냉면,간식,69.59,21966,0,서울특별시
202304,강남구,14,냉면,식사,87.14,15085,0,서울특별시
202208,영등포구,7,냉면,간식,12.97,8152,1,서울특별시
202207,강남구,6,연어초밥,음료,8.17,29477,0,서울특별시
202309,영등포구,24,냉면,식사,99.37,23575,1,서울특별시
202310,영등포구,19,필렛스테이크,음료,0.89,17380,0,서울특별시
202201,영등포구,39,떡볶이,음료,70.82,8178,1,서울특별시
202306,영등포구,40,필렛스테이크,간식,61.11,29978,0,서울특별시
202203,영등포구,18,냉면,음료,55.26,33013,0,서울특별시
202307,종로구,24,연어초밥,음료,78.58,20992,0,서울특별시
202301,영등포구,22,연어초밥,간식,99.25,15217,0,서울특별시
202304,종로구,35,필렛스테이크,음료,4.69,24733,0,서울특별시
202304,종로구,33,냉면,음료,61.45,31517,0,서울특별시
202302,강남구,34,불고기,식사,71.68,23856,0,서울특별시
202206,영등포구,7,필렛스테이크,음료,30.59,8326,0,서울특별시
202306,종로구,20,필렛스테이크,식사,89.29,13268,0,서울특별시
202301,영등포구,48,불고기,간식,45.7,10624,0,서울특별시
202212,종로구,20,필렛스테이크,음료,16.45,19102,0,서울특별시
202208,강남구,12,불고기,음료,85.44,20188,0,서울특별시
202201,종로구,13,필렛스테이크,식사,94.29,22458,0,서울특별시
202301,영등포구,6,필렛스테이크,간식,9.95,28482,0,서울특별시
202208,종로구,40,불고기,식사,75.17,11034,0,서울특별시
202303,영등포구,5,필렛스테이크,식사,21.5,33449,0,서울특별시
202209,강남구,31,불고기,음료,0.67,15116,1,서울특별시
202310,영등포구,22,냉면,식사,26.06,22069,1,서울특별시
202303,영등포구,9,필렛스테이크,음료,85.49,13692,0,서울특별시
202211,영등포구,44,냉면,간식,14.12,17597,0,서울특별시
202304,강남구,38,떡볶이,식사,13.07,30480,0,서울특별시
202303,종로구,41,떡볶이,음료,73.9,9202,0,서울특별시
202302,강남구,47,떡볶이,식사,40.64,21046,0,서울특별시
202301,종로구,46,불고기,식사,14.85,23760,0,서울특별시
202309,영등포구,36,불고기,식사,23.0,23388,0,서울특별시
202207,종로구,29,불고기,음료,79.46,18261,0,서울특별시
202210,영등포구,36,연어초밥,간식,62.33,18201,1,서울특별시
202206,영등포구,25,연어초밥,간식,76.09,32546,0,서울특별시
202301,영등포구,13,필렛스테이크,식사,9.78,14506,1,서울특별시
202310,영등포구,22,냉면,음료,45.81,20961,1,서울특별시
202302,종로구,26,불고기,음료,79.71,17834,0,서울특별시
202205,영등포구,7,필렛스테이크,식사,26.58,28667,1,서울특별시
202309,강남구,43,필렛스테이크,음료,16.92,29758,1,서울특별시
202306,영등포구,45,필렛스테이크,간식,38.18,30901,0,서울특별시
202210,종로구,23,냉면,음료,33.34,10293,0,서울특별시
202204,영등포구,27,연어초밥,식사,18.55,10653,1,서울특별시
202209,종로구,42,떡볶이,음료,95.39,18136,0,서울특별시
202306,강남구,25,필렛스테이크,식사,48.31,19902,0,서울특별시
202301,영등포구,35,떡볶이,간식,60.81,9701,0,서울특별시
202205,영등포구,28,연어초밥,식사,12.11,32130,0,서울특별시
202204,강남구,17,불고기,식사,61.0,32218,0,서울특별시
202310,강남구,40,필렛스테이크,식사,55.53,19460,1,서울특별시
202210,종로구,13,연어초밥,음료,93.19,28775,0,서울특별시
202304,종로구,15,불고기,식사,41.23,23259,0,서울특별시
202208,종로구,36,불고기,음료,78.21,25740,0,서울특별시
202202,강남구,36,냉면,간식,30.42,31573,0,서울특별시
202210,종로구,47,불고기,식사,57.89,10484,1,서울특별시
202304,종로구,36,필렛스테이크,간식,92.7,14280,0,서울특별시
202208,영등포구,6,필렛스테이크,간식,62.51,19558,0,서울특별시
202302,종로구,43,냉면,식사,71.12,32153,0,서울특별시
202210,종로구,23,불고기,간식,87.6,23981,1,서울특별시
202208,강남구,5,불고기,음료,92.54,18719,1,서울특별시
202206,종로구,31,떡볶이,음료,20.83,8775,0,서울특별시
202206,종로구,12,냉면,간식,19.58,24011,0,서울특별시
202206,강남구,23,불고기,음료,55.05,15279,0,서울특별시
202304,영등포구,26,필렛스테이크,음료,99.55,16857,1,서울특별시
202208,영등포구,8,떡볶이,식사,49.02,34889,1,서울특별시
202305,강남구,43,불고기,간식,33.09,22232,0,서울특별시
202207,종로구,27,떡볶이,음료,53.73,11746,1,서울특별시
202208,영등포구,48,필렛스테이크,식사,6.44,9330,0,서울특별시
202309,강남구,25,냉면,간식,17.72,18482,0,서울특별시
202308,강남구,31,필렛스테이크,음료,14.89,9762,0,서울특별시
202209,종로구,41,연어초밥,식사,2.79,19575,0,서울특별시
202206,강남구,14,필렛스테이크,음료,72.22,19197,0,서울특별시
202304,종로구,45,불고기,음료,32.55,31746,0,서울특별시
202202,강남구,13,냉면,간식,16.85,17043,1,서울특별시
202211,영등포구,49,필렛스테이크,간식,51.22,15458,1,서울특별시
202302,종로구,33,떡볶이,간식,32.34,24626,0,서울특별시
202303,강남구,28,불고기,간식,39.3,25254,0,서울특별시
202203,영등포구,14,냉면,간식,31.55,9023,1,서울특별시
202201,강남구,30,필렛스테이크,간식,0.4,10261,0,서울특별시
202207,종로구,29,떡볶이,간식,68.83,12527,1,서울특별시
202203,영등포구,49,필렛스테이크,음료,11.07,28978,0,서울특별시
202212,영등포구,42,필렛스테이크,음료,21.91,13658,0,서울특별시
202309,강남구,26,냉면,간식,19.03,34802,1,서울특별시
202207,종로구,22,불고기,간식,33.14,19893,0,서울특별시
202210,영등포구,22,필렛스테이크,식사,16.02,33205,0,서울특별시
202205,영등포구,22,필렛스테이크,식사,34.7,14664,0,서울특별시
202201,강남구,5,연어초밥,간식,24.33,19440,1,서울특별시
202304,영등포구,6,연어초밥,식사,6.12,11716,1,서울특별시
202206,강남구,38,냉면,음료,87.06,30845,0,서울특별시
202301,종로구,16,연어초밥,식사,30.56,24134,0,서울특별시
202304,강남구,23,냉면,식사,9.53,10043,0,서울특별시
202307,강남구,36,연어초밥,식사,52.15,28084,0,서울특별시
202205,강남구,32,불고기,식사,12.33,31954,0,서울특별시
202301,강남구,21,필렛스테이크,간식,77.31,26502,0,서울특별시
202309,영등포구,38,냉면,음료,6.16,29825,0,서울특별시
202211,종로구,12,필렛스테이크,음료,46.46,15456,0,서울특별시
202201,종로구,26,연어초밥,식사,94.38,19668,0,서울특별시
202206,종로구,9,떡볶이,식사,15.9,31070,0,서울특별시
202306,종로구,28,냉면,간식,20.14,24419,0,서울특별시
202306,강남구,9,냉면,식사,60.05,24519,0,서울특별시
202207,강남구,47,냉면,음료,97.99,28711,0,서울특별시
202205,영등포구,34,필렛스테이크,식사,38.58,24596,0,서울특별시
202207,강남구,16,불고기,간식,64.86,11413,0,서울특별시
202206,영등포구,32,필렛스테이크,간식,15.23,13746,0,서울특별시
202305,영등포구,20,떡볶이,간식,64.14,29019,0,서울특별시
202307,강남구,28,필렛스테이크,간식,25.27,14539,0,서울특별시
202202,강남구,12,불고기,음료,61.33,25969,0,서울특별시
202305,강남구,27,연어초밥,간식,8.87,20818,0,서울특별시
202305,종로구,9,연어초밥,간식,52.5,24748,0,서울특별시
202302,강남구,11,냉면,음료,23.74,14421,0,서울특별시
202308,영등포구,31,연어초밥,음료,68.17,16380,0,서울특별시
202201,종로구,27,필렛스테이크,음료,74.77,26578,0,서울특별시
202304,영등포구,18,떡볶이,식사,84.81,12636,1,서울특별시
202203,영등포구,7,냉면,음료,99.24,16330,0,서울특별시
202308,종로구,24,냉면,음료,45.94,34948,1,서울특별시
202211,종로구,46,냉면,음료,67.06,12101,0,서울특별시
202202,강남구,36,연어초밥,음료,1.84,23594,1,서울특별시
202305,강남구,7,연어초밥,간식,90.51,12093,1,서울특별시
202305,종로구,47,필렛스테이크,음료,61.57,27093,0,서울특별시
202211,종로구,24,냉면,간식,42.13,11435,0,서울특별시
202207,종로구,30,냉면,음료,43.43,23497,0,서울특별시
202201,강남구,5,불고기,간식,75.8,19873,0,서울특별시
202308,영등포구,18,불고기,음료,83.35,26675,0,서울특별시
202205,종로구,40,불고기,음료,80.79,8082,1,서울특별시
202307,종로구,19,냉면,음료,51.06,21933,1,서울특별시
202301,종로구,12,필렛스테이크,식사,37.11,22644,1,서울특별시
202304,종로구,9,필렛스테이크,음료,94.55,14498,1,서울특별시
202304,종로구,46,떡볶이,식사,63.42,16054,1,서울특별시
202307,영등포구,41,연어초밥,음료,54.37,27073,1,서울특별시
202201,종로구,6,연어초밥,식사,59.83,22916,0,서울특별시
202310,강남구,46,떡볶이,식사,62.99,23629,1,서울특별시
202201,영등포구,41,불고기,간식,71.31,33256,0,서울특별시
202310,강남구,21,필렛스테이크,간식,55.32,18935,0,서울특별시
202206,강남구,34,떡볶이,음료,87.54,31464,0,서울특별시
202307,강남구,16,연어초밥,간식,85.97,34302,0,서울특별시
202202,영등포구,16,냉면,식사,44.23,23563,1,서울특별시
202211,종로구,37,필렛스테이크,간식,16.85,13719,0,서울특별시
202212,강남구,14,떡볶이,간식,57.67,19287,0,서울특별시
202309,영등포구,20,냉면,간식,62.07,9257,0,서울특별시
202203,강남구,21,연어초밥,간식,52.34,26855,0,서울특별시
202201,영등포구,11,불고기,음료,89.06,15386,0,서울특별시
202303,영등포구,42,냉면,음료,9.3,32924,0,서울특별시
202202,강남구,35,필렛스테이크,식사,28.74,25632,0,서울특별시
202306,영등포구,43,연어초밥,식사,86.58,21217,0,서울특별시
202201,종로구,28,불고기,식사,93.94,13039,0,서울특별시
202310,강남구,12,냉면,식사,42.59,10681,0,서울특별시
202212,종로구,17,불고기,음료,19.26,26158,0,서울특별시
202309,종로구,20,필렛스테이크,간식,42.03,28684,1,서울특별시
202203,강남구,47,떡볶이,간식,45.62,15185,1,서울특별시
202207,영등포구,15,불고기,간식,51.96,8282,1,서울특별시
202211,강남구,36,냉면,음료,27.44,16636,0,서울특별시
202201,영등포구,10,떡볶이,음료,31.26,28645,0,서울특별시
202203,영등포구,48,떡볶이,간식,65.56,23665,1,서울특별시
202208,종로구,34,필렛스테이크,간식,62.18,10292,1,서울특별시
202305,강남구,24,필렛스테이크,간식,66.21,11098,0,서울특별시
202304,강남구,20,떡볶이,음료,37.73,10878,0,서울특별시
202202,강남구,20,냉면,음료,33.65,28466,0,서울특별시
202202,종로구,15,떡볶이,식사,35.15,29106,0,서울특별시
202303,영등포구,31,떡볶이,음료,95.12,19014,1,서울특별시
202208,강남구,43,냉면,간식,39.52,26617,1,서울특별시
202306,영등포구,15,불고기,음료,60.61,8564,1,서울특별시
202207,강남구,38,연어초밥,음료,52.28,23171,0,서울특별시
202208,강남구,30,필렛스테이크,음료,87.62,15347,0,서울특별시
202205,종로구,39,떡볶이,식사,36.91,30155,1,서울특별시
202206,영등포구,39,불고기,식사,43.41,21194,0,서울특별시
202304,영등포구,6,냉면,음료,84.28,30986,0,서울특별시
202211,종로구,5,필렛스테이크,식사,16.1,23199,0,서울특별시
202303,강남구,46,불고기,식사,59.43,20352,0,서울특별시
202202,강남구,11,필렛스테이크,식사,39.99,33568,0,서울특별시
202212,영등포구,30,냉면,간식,98.58,34900,1,서울특별시
202211,강남구,38,불고기,식사,72.14,20301,0,서울특별시
202309,영등포구,27,냉면,식사,1.06,17654,0,서울특별시
202210,영등포구,5,필렛스테이크,간식,83.95,25450,0,서울특별시
202203,영등포구,5,떡볶이,간식,70.32,12630,0,서울특별시
202304,강남구,35,불고기,간식,56.1,18431,0,서울특별시
202204,강남구,45,연어초밥,음료,23.61,30841,0,서울특별시
202308,강남구,20,냉면,음료,14.93,32216,1,서울특별시
202209,종로구,29,필렛스테이크,식사,62.84,19220,0,서울특별시
202306,종로구,47,필렛스테이크,음료,43.99,18538,0,서울특별시
202303,강남구,42,떡볶이,식사,86.16,31611,0,서울특별시
202211,종로구,29,냉면,간식,26.24,13458,0,서울특별시
202301,강남구,34,냉면,간식,63.75,9651,0,서울특별시
202205,종로구,48,냉면,음료,24.88,9964,0,서울특별시
202202,강남구,40,필렛스테이크,식사,63.63,10998,0,서울특별시
202305,영등포구,23,연어초밥,음료,4.83,31754,0,서울특별시
202310,강남구,36,불고기,간식,39.17,9087,0,서울특별시
202307,영등포구,19,떡볶이,음료,17.27,16974,0,서울특별시
202207,강남구,46,불고기,음료,60.59,24254,0,서울특별시
202208,강남구,9,떡볶이,간식,31.67,24448,0,서울특별시
202208,강남구,15,불고기,식사,77.15,30460,0,서울특별시
202304,종로구,20,연어초밥,음료,11.46,34486,0,서울특별시
202302,영등포구,14,냉면,간식,55.62,18871,1,서울특별시
202306,강남구,31,필렛스테이크,간식,59.37,14292,0,서울특별시
202309,영등포구,37,연어초밥,간식,2.21,10448,1,서울특별시
202209,영등포구,45,냉면,식사,3.6,32068,0,서울특별시
202303,종로구,27,연어초밥,식사,30.82,18083,0,서울특별시
202212,종로구,32,떡볶이,음료,60.91,32257,0,서울특별시
202310,영등포구,31,냉면,식사,96.26,17397,0,서울특별시
202208,영등포구,5,냉면,간식,9.08,28413,1,서울특별시
202205,강남구,36,불고기,음료,70.32,25373,1,서울특별시
202209,영등포구,6,필렛스테이크,식사,69.27,27261,1,서울특별시
202302,종로구,29,필렛스테이크,간식,66.95,25608,0,서울특별시
202309,강남구,49,필렛스테이크,음료,51.61,16286,1,서울특별시
202307,영등포구,40,불고기,음료,96.68,10781,0,서울특별시
202201,영등포구,27,필렛스테이크,식사,50.18,8291,1,서울특별시
202212,종로구,19,떡볶이,간식,83.83,19344,0,서울특별시
202204,영등포구,42,떡볶이,식사,26.25,32070,1,서울특별시
202208,강남구,43,떡볶이,간식,80.63,25347,0,서울특별시
202309,영등포구,21,냉면,식사,99.65,26203,0,서울특별시
202310,종로구,9,필렛스테이크,음료,91.01,14989,1,서울특별시
202204,강남구,31,연어초밥,식사,30.41,21125,0,서울특별시
202204,종로구,33,연어초밥,음료,84.62,18991,1,서울특별시
202304,강남구,47,냉면,간식,9.53,11680,0,서울특별시
202210,종로구,45,필렛스테이크,음료,67.77,24569,0,서울특별시
202210,영등포구,15,떡볶이,식사,34.21,17812,1,서울특별시
202308,종로구,16,필렛스테이크,식사,65.87,18877,0,서울특별시
202309,영등포구,49,떡볶이,간식,41.22,24116,1,서울특별시
202308,종로구,19,떡볶이,음료,0.9,8833,0,서울특별시
202306,영등포구,25,불고기,음료,23.13,33277,0,서울특별시
202310,강남구,18,떡볶이,음료,4.24,14010,0,서울특별시
202304,영등포구,22,떡볶이,간식,42.73,26338,0,서울특별시
202308,종로구,30,연어초밥,음료,84.01,28954,1,서울특별시
202212,영등포구,18,필렛스테이크,간식,73.8,12157,1,서울특별시
202202,강남구,23,필렛스테이크,음료,78.89,14709,0,서울특별시
202306,강남구,20,필렛스테이크,음료,80.72,19134,0,서울특별시
202309,영등포구,9,떡볶이,음료,37.19,30078,0,서울특별시
202207,영등포구,40,불고기,간식,50.6,25166,0,서울특별시
202210,영등포구,45,불고기,간식,50.85,20606,1,서울특별시
202301,종로구,27,냉면,간식,11.32,30934,0,서울특별시
202303,종로구,14,연어초밥,음료,59.81,20768,0,서울특별시
202303,종로구,33,떡볶이,음료,72.02,31920,0,서울특별시
202209,영등포구,29,필렛스테이크,음료,61.1,28803,0,서울특별시
202307,강남구,29,불고기,음료,74.6,12649,1,서울특별시
202306,강남구,31,필렛스테이크,음료,11.89,18348,0,서울특별시
202309,강남구,37,연어초밥,음료,76.14,8678,0,서울특별시
202301,종로구,6,냉면,음료,20.81,14438,0,서울특별시
202202,영등포구,9,필렛스테이크,음료,87.68,8608,0,서울특별시
202307,종로구,9,냉면,식사,24.49,10835,0,서울특별시
202202,종로구,11,필렛스테이크,음료,49.2,8115,1,서울특별시
202205,종로구,48,불고기,간식,48.73,26141,0,서울특별시
202207,강남구,37,냉면,음료,26.89,19059,0,서울특별시
202205,영등포구,34,연어초밥,간식,36.17,20688,0,서울특별시
202304,영등포구,36,필렛스테이크,간식,18.56,28639,1,서울특별시
202210,영등포구,6,떡볶이,음료,57.01,29853,0,서울특별시
202205,영등포구,14,냉면,간식,91.3,22390,0,서울특별시
202201,종로구,40,떡볶이,음료,31.66,20357,1,서울특별시
202205,영등포구,25,떡볶이,식사,50.81,25547,0,서울특별시
202304,종로구,27,냉면,음료,86.19,19199,1,서울특별시
202306,영등포구,38,불고기,간식,45.25,19945,1,서울특별시
202207,종로구,8,냉면,음료,83.13,16069,1,서울특별시
202202,영등포구,40,필렛스테이크,식사,44.64,13121,0,서울특별시
202301,강남구,35,필렛스테이크,간식,44.02,13384,0,서울특별시
202306,강남구,23,필렛스테이크,간식,15.72,25693,1,서울특별시
202202,강남구,27,필렛스테이크,식사,12.5,30421,0,서울특별시
202306,종로구,8,불고기,간식,61.15,19439,0,서울특별시
202204,영등포구,14,연어초밥,간식,82.73,10570,0,서울특별시
202206,종로구,16,떡볶이,음료,13.54,24476,0,서울특별시
202302,영등포구,44,냉면,음료,91.01,32357,0,서울특별시
202202,종로구,10,떡볶이,간식,35.89,22243,1,서울특별시
202207,영등포구,18,불고기,간식,42.53,8726,0,서울특별시
202204,영등포구,10,떡볶이,식사,89.45,10213,0,서울특별시
202205,강남구,17,필렛스테이크,음료,89.63,22100,1,서울특별시
202306,영등포구,5,필렛스테이크,음료,52.49,31263,0,서울특별시
202206,강남구,17,필렛스테이크,음료,27.68,9574,0,서울특별시
202201,종로구,37,떡볶이,간식,17.19,28346,0,서울특별시
202205,종로구,39,냉면,간식,27.16,29049,0,서울특별시
202202,강남구,22,불고기,음료,78.06,9392,0,서울특별시
202302,영등포구,36,떡볶이,음료,32.46,13710,0,서울특별시
202310,종로구,32,불고기,식사,69.46,8107,0,서울특별시
202204,강남구,45,필렛스테이크,간식,19.52,23279,0,서울특별시
202305,강남구,41,냉면,간식,47.85,12718,0,서울특별시
202208,강남구,15,떡볶이,간식,35.21,32744,0,서울특별시
202202,강남구,31,떡볶이,간식,50.36,10460,0,서울특별시
202304,강남구,40,연어초밥,식사,56.99,25529,0,서울특별시
202205,강남구,18,연어초밥,간식,99.09,29244,0,서울특별시
202212,영등포구,30,연어초밥,식사,89.99,12814,1,서울특별시
202212,영등포구,23,연어초밥,식사,69.59,14818,0,서울특별시
202302,영등포구,18,떡볶이,식사,15.37,29510,1,서울특별시
202203,종로구,13,냉면,간식,91.9,10505,0,서울특별시
202206,영등포구,6,떡볶이,간식,89.26,19919,0,서울특별시
202305,영등포구,38,필렛스테이크,간식,88.67,14752,0,서울특별시
202309,강남구,41,떡볶이,식사,47.9,8355,0,서울특별시
202201,영등포구,34,필렛스테이크,음료,17.07,20192,0,서울특별시
202210,영등포구,15,떡볶이,간식,75.44,21142,1,서울특별시
202308,종로구,5,연어초밥,간식,38.85,17373,1,서울특별시
202207,종로구,33,연어초밥,간식,34.46,29937,1,서울특별시
202210,종로구,13,냉면,간식,39.08,10592,1,서울특별시
202308,강남구,29,냉면,간식,55.91,19608,0,서울특별시
202310,강남구,48,불고기,음료,33.35,12876,0,서울특별시
202303,강남구,5,냉면,음료,68.99,28477,0,서울특별시
202304,강남구,30,떡볶이,음료,64.77,23032,0,서울특별시
202302,종로구,49,떡볶이,간식,50.89,27049,1,서울특별시
202207,종로구,20,필렛스테이크,간식,5.4,10902,0,서울특별시
202308,강남구,41,냉면,식사,93.65,20336,0,서울특별시
202201,강남구,42,연어초밥,간식,41.17,9367,0,서울특별시
202202,영등포구,26,필렛스테이크,음료,44.95,16728,1,서울특별시
202302,영등포구,18,불고기,식사,45.6,33521,0,서울특별시
202307,종로구,35,떡볶이,음료,36.5,27616,1,서울특별시
202306,영등포구,32,떡볶이,음료,67.46,10115,0,서울특별시
202303,종로구,26,떡볶이,간식,1.39,17960,0,서울특별시
202209,강남구,13,불고기,간식,87.35,31512,0,서울특별시
202208,영등포구,38,떡볶이,음료,10.24,12592,1,서울특별시
202210,영등포구,14,필렛스테이크,식사,99.97,28441,1,서울특별시
202206,종로구,11,연어초밥,식사,62.81,16663,0,서울특별시
202210,종로구,8,불고기,식사,6.62,20879,0,서울특별시
202203,강남구,25,연어초밥,음료,56.24,31674,0,서울특별시
202208,종로구,10,냉면,간식,33.13,26158,0,서울특별시
202309,종로구,20,떡볶이,식사,95.3,15651,0,서울특별시
202304,종로구,15,냉면,식사,75.55,8237,0,서울특별시
202204,강남구,25,냉면,간식,50.7,14343,0,서울특별시
202207,영등포구,39,떡볶이,간식,42.98,19279,1,서울특별시
202206,종로구,25,불고기,식사,99.59,11602,1,서울특별시
202207,강남구,30,떡볶이,식사,66.74,31817,1,서울특별시
202304,영등포구,11,떡볶이,음료,51.39,9489,1,서울특별시
202308,종로구,10,냉면,음료,39.79,22597,1,서울특별시
202304,종로구,48,필렛스테이크,식사,32.46,34370,0,서울특별시
202211,종로구,32,필렛스테이크,간식,70.54,17044,0,서울특별시
202204,종로구,5,연어초밥,식사,58.79,22492,0,서울특별시
202204,강남구,30,필렛스테이크,간식,84.82,9983,1,서울특별시
202306,강남구,5,불고기,식사,55.36,27700,0,서울특별시
202303,영등포구,8,연어초밥,음료,58.23,34392,0,서울특별시
202212,종로구,21,연어초밥,음료,47.74,28870,0,서울특별시
202301,종로구,34,연어초밥,음료,76.26,12034,0,서울특별시
202307,강남구,32,떡볶이,식사,41.5,17512,0,서울특별시
202306,영등포구,40,떡볶이,음료,85.19,27536,1,서울특별시
202202,영등포구,13,필렛스테이크,간식,32.7,29570,0,서울특별시
202209,영등포구,13,연어초밥,식사,69.26,18891,1,서울특별시
202201,종로구,28,연어초밥,식사,89.3,33960,0,서울특별시
202209,종로구,44,불고기,음료,76.91,13495,1,서울특별시
202303,영등포구,37,연어초밥,음료,34.26,28027,0,서울특별시
202205,영등포구,35,냉면,음료,70.63,21404,0,서울특별시
202204,종로구,9,떡볶이,식사,20.7,27216,1,서울특별시
202211,영등포구,44,필렛스테이크,간식,5.82,24092,1,서울특별시
202212,영등포구,49,떡볶이,음료,79.14,19670,1,서울특별시
202304,영등포구,31,떡볶이,식사,80.8,30015,1,서울특별시
202201,강남구,20,연어초밥,식사,2.29,30715,0,서울특별시
202206,강남구,34,연어초밥,식사,94.78,30066,0,서울특별시
202306,강남구,33,필렛스테이크,식사,44.59,10398,0,서울특별시
202304,영등포구,46,연어초밥,음료,90.53,19422,1,서울특별시
202308,강남구,9,냉면,식사,78.82,28241,1,서울특별시
202306,강남구,28,필렛스테이크,식사,90.07,31402,1,서울특별시
202307,강남구,36,연어초밥,식사,83.34,17773,1,서울특별시
202212,강남구,20,떡볶이,음료,97.4,27995,0,서울특별시
202310,영등포구,42,냉면,간식,62.91,23281,0,서울특별시
202210,영등포구,7,연어초밥,음료,22.73,13956,0,서울특별시
202308,영등포구,9,연어초밥,식사,38.96,32110,0,서울특별시
202209,강남구,40,떡볶이,간식,75.19,20009,1,서울특별시
202210,종로구,10,연어초밥,음료,15.7,24335,0,서울특별시
202304,영등포구,23,불고기,음료,92.98,15787,1,서울특별시
202209,종로구,17,냉면,간식,20.53,8690,0,서울특별시
202204,영등포구,35,떡볶이,식사,87.6,20226,0,서울특별시
202308,종로구,5,냉면,식사,48.37,27510,1,서울특별시
202210,강남구,21,냉면,간식,84.06,16833,0,서울특별시
202309,종로구,49,불고기,간식,95.83,33083,1,서울특별시
202209,영등포구,21,필렛스테이크,식사,42.21,28255,0,서울특별시
202310,영등포구,31,불고기,식사,69.66,25334,0,서울특별시
202302,종로구,49,냉면,간식,22.67,29779,0,서울특별시
202305,종로구,32,필렛스테이크,식사,80.08,31258,0,서울특별시
202305,영등포구,38,떡볶이,간식,81.99,27473,1,서울특별시
202205,영등포구,48,냉면,식사,29.52,30282,1,서울특별시
202306,종로구,32,냉면,식사,2.41,27258,1,서울특별시
202309,강남구,42,불고기,식사,43.12,31254,0,서울특별시
202303,영등포구,27,연어초밥,간식,17.0,10801,1,서울특별시
202309,영등포구,41,떡볶이,식사,81.86,17290,0,서울특별시
202307,강남구,33,냉면,간식,26.11,31970,0,서울특별시
202303,강남구,20,냉면,음료,94.37,20802,1,서울특별시
202211,강남구,30,냉면,음료,97.18,8403,1,서울특별시
202307,종로구,20,떡볶이,음료,90.88,30896,1,서울특별시
202205,강남구,22,연어초밥,음료,59.96,25701,1,서울특별시
202301,영등포구,18,필렛스테이크,음료,26.74,32580,0,서울특별시
202306,영등포구,27,필렛스테이크,음료,80.73,8437,0,서울특별시
202309,강남구,20,필렛스테이크,식사,70.16,11964,0,서울특별시
202206,영등포구,33,연어초밥,간식,97.72,21782,0,서울특별시
202203,강남구,21,연어초밥,음료,37.73,12901,0,서울특별시
202208,영등포구,27,연어초밥,음료,5.88,22058,0,서울특별시
202308,종로구,11,불고기,간식,99.84,17364,0,서울특별시
202212,강남구,22,연어초밥,식사,83.83,13674,0,서울특별시
202202,종로구,21,떡볶이,식사,22.15,28798,1,서울특별시
202203,영등포구,48,불고기,간식,72.56,9050,0,서울특별시
202208,영등포구,25,떡볶이,음료,0.07,31624,0,서울특별시
202208,강남구,5,연어초밥,간식,55.78,12152,0,서울특별시
202203,영등포구,18,냉면,식사,36.28,23666,0,서울특별시
202211,강남구,37,불고기,음료,38.13,34771,0,서울특별시
202211,종로구,12,필렛스테이크,간식,24.45,11058,0,서울특별시
202205,강남구,12,불고기,간식,27.48,33025,1,서울특별시
202206,영등포구,21,연어초밥,음료,45.47,16201,1,서울특별시
202303,영등포구,21,불고기,간식,24.81,28007,0,서울특별시
202309,종로구,26,떡볶이,간식,46.64,31139,0,서울특별시
