고객ID,기준년월,시도명,금융회사,직군,평균연봉,고용형태,주거_소유형태,차량_소유형태,대출목적,평균금리,평균한도,상환정보,개인회생여부
200,202009,경기,하나은행,서비스직,6114,정규직,자가,보유,사업자금,3.31,3116,정상,N
372,202104,광주,국민은행,전문직,7835,프리랜서,전세,미보유,생활자금,2.74,4470,정상,N
45,202105,서울,하나은행,사무직,8091,정규직,월세,미보유,생활자금,1.76,1259,정상,N
451,202108,경기,하나은행,사무직,7455,프리랜서,자가,보유,생활자금,4.97,7336,정상,N
258,202105,경기,하나은행,사무직,7073,프리랜서,월세,미보유,사업자금,2.11,9269,정상,N
300,202011,대구,국민은행,생산직,7418,정규직,자가,미보유,자동차,2.39,8079,정상,N
95,202102,인천,하나은행,생산직,4521,계약직,월세,보유,사업자금,2.33,3783,정상,N
265,202103,서울,우리은행,사무직,4446,정규직,전세,미보유,생활자금,4.68,5344,정상,N
2,202112,울산,신한은행,서비스직,9516,프리랜서,월세,미보유,사업자금,4.17,9618,정상,N
446,202105,울산,우리은행,사무직,7055,계약직,월세,미보유,사업자금,3.1,4828,정상,N
375,202106,서울,신한은행,전문직,9028,계약직,전세,보유,주택,4.84,8552,정상,N
228,202108,대전,신한은행,서비스직,7378,정규직,월세,보유,자동차,1.68,6196,정상,N
418,202102,인천,신한은행,전문직,6186,계약직,전세,보유,자동차,4.63,5490,정상,N
406,202112,광주,우리은행,사무직,6992,계약직,전세,미보유,자동차,1.71,6266,정상,N
60,202107,부산,우리은행,전문직,7841,정규직,월세,미보유,자동차,2.87,3012,정상,N
27,202110,울산,국민은행,서비스직,4303,자영업,자가,미보유,주택,1.69,4829,연체,N
127,202108,인천,국민은행,전문직,6234,계약직,전세,미보유,사업자금,5.0,3739,정상,N
1,202106,울산,하나은행,서비스직,8061,정규직,자가,보유,사업자금,4.7,7818,정상,Y
287,202008,부산,우리은행,서비스직,3609,프리랜서,전세,보유,생활자금,3.55,6511,정상,N
265,202105,광주,하나은행,사무직,3512,계약직,월세,미보유,자동차,2.26,4597,정상,N
269,202010,대구,신한은행,서비스직,4120,계약직,자가,미보유,사업자금,2.47,8402,정상,N
37,202106,경기,신한은행,생산직,7138,프리랜서,전세,미보유,자동차,3.07,5076,정상,N
460,202107,광주,신한은행,전문직,4669,정규직,전세,미보유,자동차,2.63,9579,정상,N
489,202105,대전,우리은행,서비스직,6053,프리랜서,월세,미보유,사업자금,1.57,6447,정상,N
296,202101,서울,하나은행,사무직,3936,정규직,자가,미보유,사업자금,3.8,8971,정상,N
3,202009,대전,우리은행,전문직,4752,정규직,자가,미보유,생활자금,3.65,9881,정상,N
198,202107,서울,신한은행,사무직,3124,정규직,자가,미보유,주택,4.67,3942,정상,N
360,202107,대구,하나은행,생산직,8651,정규직,전세,보유,주택,3.17,3346,정상,N
375,202104,부산,우리은행,사무직,6265,계약직,전세,미보유,사업자금,2.71,8520,정상,N
122,202108,서울,신한은행,전문직,4231,자영업,월세,미보유,자동차,3.29,3087,정상,N
412,202109,광주,국민은행,사무직,6683,자영업,전세,보유,생활자금,2.18,7768,정상,N
484,202104,부산,우리은행,전문직,9530,정규직,자가,미보유,자동차,3.69,2591,정상,N
255,202008,광주,우리은행,사무직,8773,자영업,월세,미보유,자동차,4.2,8828,정상,N
191,202110,울산,하나은행,서비스직,9191,프리랜서,자가,미보유,사업자금,2.04,7204,연체,N
264,202103,부산,국민은행,사무직,5842,프리랜서,전세,미보유,생활자금,2.61,5689,정상,N
14,202107,대전,국민은행,생산직,5524,자영업,전세,보유,자동차,4.54,5041,정상,N
262,202111,대구,하나은행,서비스직,5213,계약직,자가,보유,자동차,3.27,6735,정상,N
14,202102,대구,우리은행,서비스직,5136,계약직,전세,보유,주택,3.36,4497,연체,N
18,202106,광주,국민은행,전문직,9437,프리랜서,전세,미보유,생활자금,4.03,4580,정상,N
277,202008,대전,국민은행,전문직,3962,프리랜서,월세,미보유,생활자금,3.52,2836,연체,N
256,202111,대전,신한은행,서비스직,8960,프리랜서,자가,미보유,주택,1.74,2420,정상,N
494,202009,부산,우리은행,생산직,9414,정규직,월세,보유,자동차,4.31,9020,연체,N
254,202105,광주,국민은행,생산직,8908,자영업,전세,보유,생활자금,4.73,7742,정상,N
490,202101,대구,신한은행,전문직,7392,계약직,월세,미보유,주택,1.69,4988,정상,N
404,202008,대구,우리은행,서비스직,8989,자영업,자가,미보유,사업자금,1.92,8485,정상,N
169,202103,경기,하나은행,전문직,3222,계약직,자가,미보유,사업자금,3.96,6469,정상,N
464,202111,서울,신한은행,생산직,8720,정규직,월세,미보유,생활자금,3.62,6391,연체,N
242,202010,인천,신한은행,생산직,6576,자영업,전세,미보유,주택,2.84,2012,정상,Y
298,202012,인천,신한은행,전문직,9708,프리랜서,자가,미보유,생활자금,3.39,5844,정상,N
51,202011,부산,국민은행,서비스직,3600,정규직,월세,보유,사업자금,3.96,1971,정상,Y
107,202010,울산,국민은행,사무직,9510,정규직,자가,미보유,주택,3.27,7155,정상,N
262,202011,인천,하나은행,서비스직,7016,정규직,전세,미보유,사업자금,1.99,1606,정상,N
136,202105,대전,국민은행,사무직,3726,정규직,월세,미보유,사업자금,1.81,5628,정상,N
300,202109,인천,하나은행,전문직,6562,자영업,월세,보유,주택,3.04,4306,연체,N
40,202107,경기,국민은행,사무직,3259,정규직,월세,미보유,주택,4.73,2177,연체,N
126,202109,대전,우리은행,전문직,3579,정규직,전세,미보유,생활자금,3.45,5255,정상,N
333,202108,대구,하나은행,전문직,6721,자영업,자가,보유,사업자금,2.75,2806,정상,Y
307,202102,경기,우리은행,사무직,8711,자영업,자가,보유,사업자금,4.68,3201,연체,N
492,202111,울산,우리은행,서비스직,3757,정규직,월세,보유,생활자금,2.86,9009,연체,N
450,202010,광주,신한은행,사무직,4836,프리랜서,전세,미보유,생활자금,3.28,4147,정상,N
406,202107,서울,우리은행,생산직,5739,프리랜서,자가,보유,생활자금,1.91,4635,정상,N
1,202009,광주,우리은행,생산직,6790,프리랜서,월세,보유,생활자금,4.08,1056,정상,N
302,202109,대전,신한은행,서비스직,3005,계약직,월세,보유,사업자금,3.95,3704,정상,N
115,202009,대구,국민은행,전문직,7473,자영업,자가,보유,주택,4.28,4159,정상,N
134,202011,부산,하나은행,생산직,6485,자영업,월세,미보유,주택,2.64,7472,정상,N
105,202102,광주,국민은행,생산직,9736,프리랜서,전세,미보유,주택,3.03,2072,정상,N
228,202107,울산,하나은행,사무직,5109,자영업,전세,미보유,사업자금,2.09,9368,정상,N
62,202008,대구,하나은행,전문직,6456,정규직,월세,미보유,생활자금,4.88,2155,정상,N
266,202012,인천,국민은행,생산직,3571,프리랜서,자가,보유,주택,1.8,6875,정상,N
84,202101,서울,우리은행,생산직,9421,자영업,자가,미보유,주택,3.77,1040,연체,N
251,202108,대전,우리은행,사무직,8837,프리랜서,월세,보유,자동차,3.97,8376,정상,N
313,202112,울산,국민은행,생산직,5484,자영업,전세,미보유,주택,2.05,7267,정상,N
90,202106,울산,하나은행,서비스직,6223,계약직,자가,보유,생활자금,2.78,8538,연체,N
52,202104,인천,국민은행,전문직,9002,자영업,월세,미보유,자동차,1.65,9381,정상,N
404,202101,서울,국민은행,생산직,5067,자영업,자가,보유,자동차,3.45,8505,정상,N
370,202109,인천,하나은행,서비스직,4650,프리랜서,월세,보유,주택,4.98,6593,정상,N
131,202009,경기,우리은행,전문직,4693,프리랜서,자가,보유,생활자금,3.0,8546,정상,N
444,202010,서울,국민은행,생산직,7952,프리랜서,전세,미보유,사업자금,4.97,1865,연체,N
111,202011,부산,국민은행,생산직,4477,계약직,전세,보유,생활자금,1.94,6806,연체,N
464,202012,울산,신한은행,사무직,3620,프리랜서,월세,미보유,사업자금,2.87,9906,정상,N
57,202103,광주,국민은행,전문직,4158,자영업,전세,보유,사업자금,4.66,4394,정상,N
331,202112,부산,국민은행,사무직,9902,정규직,월세,미보유,사업자금,4.57,9780,정상,N
10,202107,서울,우리은행,사무직,9109,정규직,자가,보유,생활자금,2.63,5559,정상,N
99,202102,인천,국민은행,사무직,9677,계약직,전세,보유,주택,3.88,5214,정상,N
203,202011,광주,신한은행,서비스직,4941,계약직,월세,보유,자동차,4.6,3701,정상,N
43,202107,울산,신한은행,생산직,6095,프리랜서,자가,미보유,자동차,4.18,1970,연체,N
229,202012,경기,하나은행,서비스직,6435,계약직,월세,보유,생활자금,3.7,8887,정상,N
117,202112,인천,하나은행,서비스직,6667,프리랜서,월세,보유,사업자금,2.03,7486,정상,N
50,202104,인천,하나은행,사무직,3187,정규직,월세,미보유,생활자금,1.76,4601,정상,N
481,202105,경기,신한은행,생산직,7184,계약직,자가,미보유,자동차,3.65,9653,정상,N
491,202111,울산,우리은행,사무직,3271,프리랜서,월세,미보유,사업자금,3.25,2654,정상,N
482,202101,부산,우리은행,사무직,4925,계약직,월세,미보유,생활자금,2.33,8008,정상,N
78,202104,대전,하나은행,생산직,5046,프리랜서,자가,미보유,사업자금,2.52,5069,정상,N
191,202105,대전,우리은행,생산직,7721,프리랜서,전세,미보유,생활자금,2.87,6617,정상,N
164,202012,부산,하나은행,사무직,9275,계약직,자가,미보유,생활자금,3.23,1335,정상,N
163,202008,경기,우리은행,생산직,7889,계약직,전세,보유,자동차,2.87,6497,정상,N
209,202012,대구,하나은행,생산직,6048,자영업,자가,보유,자동차,2.86,7112,정상,N
256,202009,광주,우리은행,전문직,6675,자영업,전세,보유,자동차,1.91,9801,정상,N
243,202107,인천,우리은행,서비스직,6586,정규직,전세,미보유,자동차,4.53,4115,정상,N
146,202008,대전,우리은행,생산직,4034,프리랜서,전세,보유,생활자금,3.63,1658,정상,N
490,202101,경기,신한은행,생산직,9701,계약직,월세,미보유,자동차,2.01,1555,정상,N
490,202111,인천,우리은행,사무직,9434,정규직,월세,보유,주택,2.98,2346,정상,N
166,202105,인천,신한은행,생산직,4680,프리랜서,자가,보유,주택,2.96,3694,정상,N
111,202107,울산,우리은행,서비스직,3805,정규직,자가,보유,사업자금,3.6,8477,정상,N
267,202107,경기,신한은행,사무직,4155,계약직,자가,보유,자동차,3.63,2756,정상,N
185,202101,경기,하나은행,전문직,7404,프리랜서,월세,미보유,생활자금,3.76,2306,정상,N
494,202106,울산,우리은행,서비스직,3206,자영업,자가,보유,사업자금,3.94,1286,정상,N
215,202011,대전,우리은행,전문직,3721,계약직,자가,보유,주택,1.86,4449,연체,N
20,202106,울산,국민은행,생산직,7538,자영업,자가,보유,사업자금,2.57,6431,정상,N
63,202107,경기,하나은행,전문직,4022,자영업,월세,보유,생활자금,1.56,3533,정상,N
38,202110,서울,하나은행,생산직,3481,계약직,전세,미보유,생활자금,3.09,5459,연체,Y
192,202111,광주,국민은행,전문직,3143,정규직,월세,미보유,자동차,3.0,3191,정상,N
159,202008,서울,신한은행,서비스직,7940,프리랜서,자가,보유,생활자금,4.07,8200,정상,N
429,202101,광주,우리은행,서비스직,5543,정규직,전세,보유,주택,2.08,1231,정상,N
446,202105,인천,하나은행,사무직,4991,자영업,전세,보유,자동차,3.71,2806,연체,N
71,202101,대구,우리은행,전문직,7477,계약직,자가,보유,사업자금,2.57,6096,정상,Y
473,202106,경기,신한은행,사무직,4193,자영업,월세,미보유,자동차,2.84,8581,정상,N
293,202110,대전,신한은행,사무직,6650,프리랜서,월세,미보유,생활자금,4.02,4611,연체,N
154,202012,광주,하나은행,생산직,6386,계약직,자가,보유,사업자금,1.75,1626,정상,N
204,202111,경기,하나은행,전문직,7721,자영업,월세,보유,생활자금,2.7,5964,정상,N
221,202110,서울,하나은행,전문직,7367,자영업,전세,보유,자동차,2.87,3433,정상,N
86,202111,대전,신한은행,전문직,7725,자영업,전세,보유,사업자금,4.01,3740,정상,N
434,202009,부산,신한은행,서비스직,4491,정규직,월세,보유,사업자금,2.2,9300,정상,N
7,202012,부산,국민은행,전문직,3981,계약직,전세,미보유,생활자금,4.82,9473,연체,N
35,202010,부산,하나은행,생산직,6736,자영업,자가,보유,주택,4.99,3329,정상,N
137,202010,광주,하나은행,생산직,3401,자영업,월세,보유,자동차,4.37,6322,정상,N
72,202008,대전,국민은행,사무직,6179,계약직,월세,미보유,자동차,2.55,5867,정상,N
31,202103,울산,국민은행,전문직,7377,정규직,자가,보유,주택,3.82,9650,정상,N
192,202009,인천,우리은행,생산직,8746,계약직,월세,보유,자동차,1.79,9515,연체,N
189,202101,경기,신한은행,사무직,7572,프리랜서,전세,보유,주택,4.55,4150,정상,N
63,202112,대구,신한은행,생산직,9962,프리랜서,자가,보유,생활자금,3.31,1228,정상,N
406,202111,부산,신한은행,서비스직,6896,자영업,전세,보유,자동차,2.12,1020,연체,Y
442,202111,서울,우리은행,생산직,6123,정규직,월세,보유,생활자금,2.65,1041,연체,N
360,202008,부산,하나은행,생산직,4720,계약직,자가,미보유,자동차,4.3,8031,정상,N
262,202107,인천,하나은행,생산직,7711,계약직,월세,미보유,생활자금,4.55,7659,정상,N
474,202106,인천,신한은행,서비스직,8675,자영업,월세,보유,생활자금,3.32,8446,정상,N
176,202010,울산,하나은행,서비스직,5246,정규직,월세,보유,주택,3.18,2255,정상,N
214,202111,부산,우리은행,서비스직,3529,정규직,자가,보유,자동차,4.13,1528,정상,N
8,202102,대구,국민은행,사무직,3073,계약직,자가,미보유,생활자금,4.39,2533,연체,N
354,202112,경기,하나은행,생산직,7426,정규직,월세,보유,생활자금,4.18,6628,정상,N
47,202009,서울,신한은행,서비스직,7641,프리랜서,전세,미보유,주택,2.85,1080,정상,N
333,202107,인천,우리은행,사무직,3842,프리랜서,전세,미보유,사업자금,3.75,6949,정상,N
392,202010,부산,우리은행,사무직,3158,프리랜서,전세,보유,주택,4.5,9000,정상,N
109,202112,광주,하나은행,생산직,7581,자영업,전세,보유,사업자금,2.03,2311,정상,N
307,202106,경기,하나은행,서비스직,5784,계약직,전세,보유,생활자금,2.86,7649,정상,N
152,202009,부산,하나은행,서비스직,5924,계약직,전세,미보유,자동차,1.7,5972,정상,N
200,202011,대구,우리은행,사무직,4837,계약직,전세,보유,주택,2.93,9497,정상,N
265,202102,인천,신한은행,서비스직,8026,자영업,전세,보유,사업자금,4.2,3188,정상,N
125,202008,울산,신한은행,사무직,8212,프리랜서,전세,미보유,생활자금,2.19,3042,정상,N
399,202008,경기,하나은행,서비스직,3365,정규직,월세,미보유,사업자금,3.4,1148,정상,N
198,202111,서울,국민은행,서비스직,3623,프리랜서,전세,보유,사업자금,1.63,7346,정상,N
231,202112,인천,우리은행,사무직,6885,프리랜서,월세,보유,주택,4.64,8802,정상,N
408,202105,울산,우리은행,생산직,7221,정규직,전세,미보유,생활자금,4.37,1169,정상,N
114,202111,서울,국민은행,전문직,4014,프리랜서,월세,보유,자동차,3.34,5425,정상,N
227,202107,울산,우리은행,생산직,4106,프리랜서,전세,미보유,사업자금,3.97,7516,정상,N
497,202008,부산,신한은행,서비스직,7776,정규직,전세,미보유,주택,1.86,8035,정상,N
200,202108,광주,신한은행,서비스직,6182,정규직,자가,보유,주택,4.46,9372,연체,N
58,202008,경기,우리은행,사무직,3839,프리랜서,자가,보유,생활자금,4.0,7506,정상,N
143,202109,대전,국민은행,전문직,7266,프리랜서,월세,미보유,생활자금,1.92,9284,정상,N
478,202102,경기,국민은행,생산직,3515,프리랜서,자가,미보유,생활자금,4.93,9943,정상,N
380,202010,광주,신한은행,전문직,4614,계약직,자가,보유,자동차,1.58,9347,정상,N
405,202012,부산,우리은행,생산직,7991,프리랜서,월세,미보유,자동차,3.7,4941,정상,N
127,202107,대전,국민은행,서비스직,4556,자영업,월세,미보유,사업자금,2.1,4663,연체,N
420,202110,광주,신한은행,생산직,3444,정규직,전세,미보유,사업자금,4.02,4847,정상,N
197,202105,대구,신한은행,전문직,9719,프리랜서,전세,미보유,사업자금,1.75,9556,정상,Y
398,202010,서울,우리은행,사무직,4571,정규직,전세,보유,자동차,1.78,3535,정상,N
441,202111,대전,신한은행,전문직,6604,정규직,월세,미보유,사업자금,3.13,7771,정상,N
105,202109,광주,국민은행,사무직,8773,자영업,전세,미보유,자동차,4.98,6626,연체,N
470,202102,울산,우리은행,전문직,9929,정규직,자가,보유,사업자금,2.47,1555,정상,N
317,202105,부산,하나은행,사무직,8667,프리랜서,전세,보유,사업자금,3.64,5375,정상,N
366,202112,광주,우리은행,사무직,5377,프리랜서,자가,미보유,주택,3.32,2752,연체,N
379,202102,울산,신한은행,사무직,8978,자영업,월세,미보유,사업자금,4.45,7558,연체,N
85,202008,경기,신한은행,서비스직,3089,프리랜서,자가,보유,생활자금,2.51,5026,정상,N
373,202010,경기,국민은행,생산직,5282,프리랜서,전세,미보유,사업자금,3.44,4208,정상,N
107,202106,부산,국민은행,서비스직,4395,자영업,자가,미보유,생활자금,4.83,1590,정상,N
136,202112,부산,신한은행,전문직,6696,자영업,월세,미보유,주택,2.66,2177,연체,N
59,202108,광주,우리은행,사무직,9241,프리랜서,전세,미보유,사업자금,3.04,7876,정상,N
91,202106,인천,신한은행,서비스직,8413,정규직,자가,미보유,주택,4.61,8761,정상,N
490,202101,부산,하나은행,서비스직,9988,정규직,월세,보유,사업자금,2.66,3620,정상,N
165,202103,서울,우리은행,생산직,3958,계약직,전세,미보유,주택,2.83,8452,정상,N
194,202008,부산,국민은행,전문직,8265,프리랜서,전세,미보유,사업자금,2.56,5968,정상,N
240,202102,대구,우리은행,서비스직,8070,프리랜서,자가,미보유,자동차,4.33,4159,정상,N
357,202106,대전,우리은행,사무직,6195,자영업,자가,미보유,주택,4.76,5063,정상,N
287,202111,서울,국민은행,서비스직,3682,정규직,월세,보유,주택,3.71,7213,정상,N
269,202111,서울,신한은행,생산직,3731,정규직,전세,미보유,자동차,3.68,9181,정상,N
419,202109,대구,하나은행,사무직,9392,정규직,전세,미보유,사업자금,2.87,5431,정상,N
248,202008,울산,신한은행,전문직,5066,프리랜서,월세,미보유,사업자금,1.54,4119,정상,N
385,202109,경기,신한은행,사무직,7461,프리랜서,전세,보유,생활자금,2.11,7848,정상,N
456,202011,인천,국민은행,사무직,9618,정규직,전세,보유,생활자금,2.02,5725,정상,N
339,202106,서울,국민은행,사무직,6453,자영업,월세,보유,자동차,1.91,4511,정상,N
18,202112,서울,신한은행,전문직,4469,계약직,자가,미보유,사업자금,3.79,5137,정상,N
132,202111,울산,하나은행,서비스직,6393,프리랜서,전세,미보유,자동차,1.98,5820,정상,N
309,202107,인천,하나은행,전문직,4606,자영업,월세,보유,사업자금,1.8,2262,정상,N
240,202101,서울,우리은행,생산직,4269,정규직,자가,보유,자동차,2.84,1520,정상,N
143,202104,울산,하나은행,사무직,8676,자영업,자가,미보유,자동차,2.37,6982,정상,N
168,202107,광주,우리은행,생산직,5421,자영업,전세,미보유,자동차,2.01,2574,정상,N
40,202104,대구,우리은행,사무직,7793,자영업,자가,미보유,생활자금,2.01,5784,정상,N
118,202102,인천,신한은행,서비스직,8089,정규직,자가,보유,생활자금,2.4,8035,정상,N
392,202102,부산,국민은행,생산직,6845,계약직,자가,미보유,사업자금,3.38,2934,정상,N
6,202106,경기,신한은행,전문직,6786,정규직,월세,보유,주택,4.15,4434,정상,N
419,202008,울산,하나은행,생산직,4263,계약직,자가,미보유,주택,4.48,9804,연체,N
170,202112,부산,우리은행,생산직,6705,자영업,월세,미보유,사업자금,4.13,1315,정상,N
404,202009,대전,하나은행,전문직,8260,자영업,전세,미보유,사업자금,3.7,7801,정상,N
129,202112,부산,국민은행,서비스직,4366,자영업,월세,보유,주택,4.68,2508,정상,Y
415,202008,인천,국민은행,사무직,4624,계약직,자가,미보유,사업자금,3.32,9151,정상,N
286,202104,대전,신한은행,생산직,7832,자영업,월세,미보유,자동차,3.72,4704,정상,Y
426,202103,서울,신한은행,생산직,9872,자영업,전세,미보유,사업자금,2.94,1061,정상,N
32,202105,대전,하나은행,서비스직,5744,자영업,월세,미보유,사업자금,2.65,7461,정상,N
399,202103,부산,신한은행,서비스직,8798,자영업,월세,미보유,생활자금,2.66,2325,연체,N
136,202111,대전,우리은행,서비스직,4279,프리랜서,전세,미보유,주택,2.02,4271,정상,N
180,202008,인천,우리은행,전문직,6988,정규직,월세,보유,사업자금,4.29,5520,정상,N
23,202112,서울,신한은행,서비스직,9606,계약직,자가,보유,주택,1.69,7706,정상,N
478,202107,울산,하나은행,생산직,6090,자영업,전세,보유,자동차,3.86,4770,연체,N
321,202109,대구,국민은행,사무직,6547,계약직,전세,미보유,생활자금,4.53,8722,정상,N
491,202010,경기,국민은행,서비스직,4085,정규직,월세,보유,주택,3.24,5335,정상,N
285,202009,울산,우리은행,생산직,6696,자영업,월세,보유,자동차,1.75,4070,정상,Y
80,202102,부산,우리은행,생산직,7099,계약직,월세,미보유,사업자금,3.0,4033,정상,N
169,202101,광주,신한은행,전문직,9869,자영업,월세,보유,주택,2.7,8203,정상,N
220,202109,대구,하나은행,전문직,4406,계약직,월세,보유,자동차,4.95,6983,정상,Y
74,202111,광주,국민은행,생산직,5564,계약직,월세,보유,주택,3.92,2141,정상,N
466,202103,광주,신한은행,서비스직,7530,계약직,전세,보유,생활자금,4.02,7753,정상,N
479,202109,대구,국민은행,전문직,9601,계약직,자가,보유,주택,3.31,4737,정상,N
282,202009,대전,국민은행,사무직,4665,계약직,월세,미보유,자동차,3.98,4139,정상,N
293,202108,대구,우리은행,생산직,7864,계약직,자가,미보유,생활자금,4.03,1878,정상,N
352,202009,경기,우리은행,서비스직,9155,자영업,자가,미보유,주택,1.73,9983,정상,N
340,202107,경기,우리은행,생산직,7431,계약직,월세,보유,주택,2.28,1472,연체,N
32,202102,부산,하나은행,전문직,5987,계약직,자가,미보유,사업자금,1.55,9969,정상,N
266,202103,대전,국민은행,생산직,4640,자영업,자가,보유,사업자금,3.28,1580,정상,N
389,202012,경기,우리은행,사무직,5016,계약직,전세,보유,주택,4.57,5548,정상,N
404,202102,부산,국민은행,생산직,3362,정규직,전세,미보유,사업자금,3.63,1942,연체,N
299,202110,대전,하나은행,생산직,4064,정규직,자가,보유,자동차,3.25,5435,정상,N
449,202109,경기,우리은행,전문직,6064,계약직,전세,보유,주택,4.74,8521,정상,N
294,202101,부산,하나은행,사무직,3983,프리랜서,자가,보유,사업자금,2.1,6310,정상,N
192,202012,광주,우리은행,사무직,3071,자영업,자가,보유,자동차,1.76,5893,정상,N
222,202104,울산,신한은행,사무직,7848,정규직,자가,미보유,자동차,4.71,2070,정상,N
346,202107,대구,우리은행,서비스직,3497,프리랜서,월세,보유,주택,4.66,9526,정상,N
444,202011,부산,하나은행,전문직,3987,계약직,전세,보유,사업자금,3.89,4378,정상,N
115,202108,인천,국민은행,서비스직,7167,계약직,월세,보유,자동차,2.36,5842,정상,N
147,202112,대구,하나은행,전문직,9452,계약직,자가,미보유,생활자금,4.89,9079,연체,N
326,202110,대전,우리은행,전문직,8071,계약직,월세,미보유,주택,4.18,6658,정상,N
382,202105,대구,국민은행,서비스직,3227,정규직,월세,미보유,사업자금,3.86,7614,정상,N
200,202101,인천,하나은행,서비스직,4175,정규직,전세,미보유,사업자금,2.28,2660,정상,N
322,202101,경기,국민은행,사무직,8182,프리랜서,월세,보유,생활자금,3.3,5140,정상,N
4,202108,광주,우리은행,전문직,8127,정규직,전세,미보유,자동차,4.38,5865,정상,N
146,202103,경기,국민은행,전문직,5737,계약직,전세,보유,생활자금,4.51,2581,정상,N
478,202009,대전,국민은행,전문직,9648,정규직,월세,미보유,자동차,3.47,4467,연체,N
289,202107,경기,우리은행,전문직,9219,정규직,전세,미보유,사업자금,3.33,8483,연체,N
435,202010,부산,우리은행,생산직,8202,정규직,전세,보유,생활자금,3.94,9382,정상,N
109,202112,경기,우리은행,사무직,8237,계약직,월세,보유,주택,3.35,8410,정상,N
146,202103,경기,신한은행,전문직,8493,정규직,전세,미보유,사업자금,2.96,9405,정상,N
488,202101,서울,하나은행,생산직,4039,정규직,자가,보유,주택,1.8,9986,정상,N
499,202008,대구,국민은행,전문직,7904,계약직,월세,보유,자동차,1.94,2786,정상,N
439,202010,인천,하나은행,서비스직,9579,계약직,월세,보유,자동차,4.16,8699,연체,N
159,202112,인천,신한은행,생산직,4573,정규직,자가,보유,주택,1.59,6581,정상,N
401,202105,울산,우리은행,생산직,3102,정규직,월세,보유,사업자금,1.68,8730,정상,N
230,202111,대전,하나은행,서비스직,5526,자영업,자가,보유,사업자금,4.67,6743,연체,N
422,202112,부산,신한은행,생산직,4887,프리랜서,자가,보유,주택,3.96,2124,연체,N
426,202008,광주,신한은행,생산직,9644,정규직,월세,보유,자동차,1.51,6062,정상,N
218,202102,경기,하나은행,사무직,6121,계약직,전세,미보유,자동차,2.59,7843,정상,Y
153,202110,인천,하나은행,서비스직,7628,계약직,전세,미보유,생활자금,4.17,2118,정상,N
488,202104,경기,국민은행,사무직,9873,자영업,전세,미보유,생활자금,2.96,5540,정상,N
226,202104,대전,우리은행,사무직,8523,자영업,자가,보유,생활자금,3.14,6886,정상,N
216,202105,경기,신한은행,사무직,8243,자영업,월세,보유,주택,3.11,5178,정상,N
333,202107,경기,우리은행,서비스직,9780,정규직,자가,보유,생활자금,2.21,8191,정상,N
469,202111,서울,신한은행,사무직,7821,계약직,월세,미보유,주택,4.02,2142,정상,N
66,202111,울산,국민은행,생산직,4620,계약직,월세,보유,주택,1.86,4107,정상,N
493,202106,부산,하나은행,사무직,8087,프리랜서,자가,보유,사업자금,3.28,9561,정상,N
212,202105,울산,우리은행,서비스직,5251,자영업,전세,미보유,주택,2.09,5630,정상,N
13,202102,울산,신한은행,사무직,5316,계약직,자가,보유,주택,1.66,2628,정상,N
155,202009,대구,국민은행,사무직,7513,프리랜서,전세,미보유,자동차,2.0,2046,정상,N
232,202108,서울,국민은행,생산직,5208,계약직,전세,보유,생활자금,4.54,6338,연체,N
339,202008,인천,신한은행,서비스직,3170,정규직,자가,미보유,생활자금,2.12,9376,정상,N
284,202107,대구,우리은행,사무직,9996,계약직,월세,미보유,주택,2.47,1442,정상,N
68,202104,광주,신한은행,생산직,6998,프리랜서,월세,미보유,사업자금,1.98,1985,정상,N
245,202109,서울,우리은행,전문직,7690,계약직,자가,미보유,자동차,4.07,4377,연체,N
117,202112,서울,신한은행,서비스직,8660,프리랜서,월세,미보유,생활자금,3.06,2875,정상,N
135,202105,인천,국민은행,전문직,7441,프리랜서,월세,보유,주택,4.8,2089,정상,N
356,202105,울산,우리은행,생산직,7273,계약직,전세,보유,사업자금,3.83,3686,정상,N
402,202104,대구,국민은행,전문직,8542,자영업,월세,보유,자동차,3.36,6785,정상,N
79,202102,대구,국민은행,사무직,5067,정규직,자가,보유,사업자금,3.8,8432,정상,Y
302,202009,부산,국민은행,서비스직,8799,자영업,월세,미보유,자동차,1.64,3757,정상,N
212,202008,대구,신한은행,생산직,8068,정규직,월세,보유,생활자금,4.83,7305,연체,N
169,202108,대구,우리은행,사무직,4274,계약직,전세,보유,생활자금,4.85,8408,정상,N
357,202111,대구,하나은행,전문직,4022,자영업,월세,보유,주택,2.47,1063,정상,N
125,202008,대구,국민은행,서비스직,9157,프리랜서,월세,보유,주택,3.7,8675,정상,N
383,202101,대구,국민은행,사무직,9263,계약직,월세,미보유,자동차,2.21,2652,정상,N
201,202106,대전,국민은행,사무직,9955,자영업,전세,보유,주택,3.42,7165,정상,N
48,202107,대구,신한은행,서비스직,3706,정규직,월세,보유,생활자금,4.2,7751,정상,N
397,202108,울산,국민은행,서비스직,9269,프리랜서,전세,미보유,주택,4.79,8607,정상,N
426,202107,광주,신한은행,사무직,9044,프리랜서,전세,보유,생활자금,2.69,4634,정상,N
282,202009,대전,하나은행,전문직,8373,정규직,자가,보유,주택,3.93,6935,정상,N
362,202012,광주,신한은행,서비스직,6484,자영업,자가,미보유,주택,4.01,1235,연체,N
74,202103,경기,우리은행,생산직,6559,자영업,월세,미보유,자동차,2.27,5022,정상,N
170,202009,대구,우리은행,사무직,6000,정규직,전세,보유,생활자금,3.7,9675,정상,N
175,202101,경기,국민은행,생산직,3204,정규직,전세,미보유,자동차,3.79,2426,정상,N
382,202102,부산,국민은행,생산직,6504,정규직,월세,보유,자동차,4.17,2361,정상,N
177,202112,부산,신한은행,사무직,4660,계약직,자가,보유,자동차,5.0,7301,정상,N
365,202101,울산,신한은행,생산직,4401,계약직,자가,보유,자동차,1.64,5594,정상,N
154,202112,경기,국민은행,사무직,3391,프리랜서,자가,미보유,자동차,2.21,5094,정상,N
301,202107,서울,우리은행,사무직,6203,프리랜서,자가,미보유,사업자금,2.01,3234,정상,N
105,202107,광주,신한은행,사무직,3335,정규직,전세,미보유,생활자금,2.04,2541,정상,N
280,202109,광주,신한은행,생산직,8948,계약직,월세,보유,자동차,3.09,7637,정상,N
41,202110,부산,우리은행,생산직,9226,자영업,자가,보유,생활자금,4.57,4219,정상,N
368,202011,광주,하나은행,생산직,8606,자영업,전세,보유,생활자금,3.07,7990,정상,N
15,202103,대전,하나은행,서비스직,5106,계약직,자가,보유,사업자금,3.84,4990,정상,N
500,202104,광주,하나은행,서비스직,4141,정규직,월세,보유,생활자금,2.82,4574,정상,N
420,202112,광주,신한은행,사무직,6532,정규직,전세,미보유,주택,2.62,3071,정상,N
290,202008,경기,국민은행,전문직,7713,계약직,자가,미보유,생활자금,4.42,6926,정상,Y
455,202104,부산,국민은행,서비스직,3144,계약직,전세,미보유,사업자금,3.79,3561,정상,N
405,202011,광주,신한은행,생산직,8997,계약직,전세,보유,주택,2.73,9181,연체,Y
72,202011,대구,신한은행,사무직,6069,정규직,월세,보유,주택,4.7,4674,정상,N
373,202108,경기,국민은행,전문직,8738,계약직,자가,보유,생활자금,3.24,8333,정상,N
189,202011,대구,국민은행,서비스직,3545,계약직,월세,미보유,사업자금,2.16,5229,정상,N
428,202109,울산,국민은행,생산직,5979,계약직,월세,미보유,자동차,3.19,4734,정상,Y
432,202112,대전,우리은행,사무직,6208,정규직,자가,보유,생활자금,3.86,5078,정상,N
478,202109,부산,신한은행,사무직,3336,자영업,월세,미보유,생활자금,2.78,4973,연체,N
226,202010,울산,국민은행,생산직,7952,계약직,월세,미보유,생활자금,4.45,5310,정상,N
97,202010,부산,우리은행,사무직,9518,계약직,전세,보유,주택,3.37,8981,정상,N
63,202103,대구,하나은행,사무직,6784,자영업,자가,보유,자동차,3.14,7327,정상,N
83,202105,대구,신한은행,생산직,5771,프리랜서,전세,보유,사업자금,4.51,1309,정상,N
496,202109,대전,신한은행,사무직,7452,정규직,전세,미보유,사업자금,3.12,1524,연체,Y
294,202103,인천,신한은행,생산직,5526,정규직,자가,보유,사업자금,2.95,1205,연체,N
176,202010,광주,신한은행,전문직,5518,정규직,전세,보유,주택,1.86,7218,정상,N
225,202112,광주,신한은행,전문직,8316,프리랜서,월세,미보유,자동차,2.77,2852,정상,N
87,202111,부산,하나은행,사무직,7136,계약직,전세,보유,주택,2.89,4467,정상,N
286,202107,부산,하나은행,서비스직,4847,계약직,월세,보유,자동차,2.13,8448,정상,N
213,202107,대구,신한은행,전문직,5852,프리랜서,자가,미보유,사업자금,3.56,2186,정상,N
400,202111,부산,하나은행,서비스직,8843,프리랜서,월세,미보유,자동차,2.0,2378,정상,N
11,202104,경기,하나은행,생산직,6701,정규직,전세,미보유,주택,2.28,1714,정상,N
466,202010,인천,국민은행,생산직,3532,정규직,자가,미보유,생활자금,3.46,3567,정상,N
31,202106,인천,신한은행,사무직,8999,자영업,월세,미보유,사업자금,2.44,1806,정상,N
209,202103,대전,우리은행,생산직,8184,자영업,전세,미보유,생활자금,3.74,6661,정상,N
171,202109,울산,신한은행,전문직,4868,자영업,전세,미보유,사업자금,3.92,7630,정상,N
359,202109,대전,신한은행,서비스직,9760,자영업,자가,보유,생활자금,2.55,2658,정상,N
330,202104,광주,신한은행,생산직,9662,계약직,월세,보유,생활자금,1.81,5718,정상,N
99,202102,경기,우리은행,사무직,9970,자영업,자가,미보유,사업자금,3.21,3728,정상,N
246,202103,경기,신한은행,전문직,5644,자영업,자가,보유,자동차,1.83,1722,정상,N
268,202106,부산,우리은행,사무직,9466,자영업,자가,미보유,자동차,3.3,5202,정상,N
232,202106,부산,국민은행,서비스직,8644,정규직,전세,보유,생활자금,4.04,7275,정상,N
11,202104,인천,하나은행,생산직,9095,정규직,자가,미보유,생활자금,3.67,3052,정상,Y
90,202105,울산,국민은행,생산직,6829,계약직,월세,미보유,자동차,3.07,8092,정상,N
252,202112,경기,국민은행,사무직,4952,프리랜서,자가,보유,자동차,4.81,9931,정상,N
131,202012,대전,국민은행,생산직,4587,자영업,월세,보유,주택,1.86,1506,정상,N
273,202010,대전,신한은행,서비스직,9766,계약직,월세,미보유,생활자금,4.58,2471,정상,N
82,202109,부산,우리은행,생산직,6517,자영업,월세,미보유,주택,4.3,3604,정상,Y
368,202111,광주,하나은행,사무직,9495,자영업,자가,미보유,자동차,2.97,8649,정상,N
95,202106,부산,신한은행,생산직,6882,자영업,자가,미보유,자동차,2.04,2278,정상,N
325,202102,광주,국민은행,사무직,6740,정규직,월세,미보유,사업자금,2.05,5230,정상,N
419,202101,부산,신한은행,생산직,3512,정규직,전세,미보유,자동차,4.73,5836,연체,N
180,202103,서울,국민은행,전문직,5814,정규직,월세,미보유,주택,2.32,2162,정상,N
70,202008,경기,신한은행,전문직,6893,프리랜서,자가,보유,생활자금,4.56,1378,정상,N
3,202104,경기,우리은행,전문직,3764,프리랜서,전세,미보유,주택,3.26,2066,정상,N
181,202012,대전,국민은행,사무직,4134,계약직,자가,미보유,자동차,3.12,1505,정상,N
58,202012,대전,하나은행,생산직,7134,정규직,전세,보유,자동차,3.67,5502,정상,N
441,202105,부산,국민은행,사무직,4736,프리랜서,자가,미보유,주택,2.25,9429,정상,N
487,202112,광주,우리은행,생산직,7903,프리랜서,월세,미보유,사업자금,3.0,4181,정상,N
491,202011,대전,하나은행,서비스직,6222,계약직,전세,보유,자동차,4.78,3310,연체,N
462,202111,광주,하나은행,전문직,5827,계약직,자가,미보유,생활자금,2.33,3111,정상,N
294,202104,대구,우리은행,생산직,3821,프리랜서,전세,미보유,사업자금,4.73,9832,정상,N
163,202112,인천,우리은행,사무직,5842,프리랜서,전세,미보유,자동차,4.98,9630,연체,N
224,202102,울산,국민은행,생산직,6795,프리랜서,월세,보유,사업자금,1.68,6836,정상,N
130,202112,대구,국민은행,생산직,7013,자영업,전세,보유,자동차,3.36,5170,정상,N
421,202107,경기,신한은행,서비스직,4891,계약직,전세,미보유,사업자금,2.1,2438,정상,N
219,202107,울산,우리은행,사무직,3194,프리랜서,월세,보유,자동차,3.68,9359,정상,N
193,202105,경기,우리은행,서비스직,9543,자영업,전세,보유,주택,4.96,1012,정상,N
345,202103,광주,하나은행,생산직,9705,정규직,월세,미보유,사업자금,4.64,2475,정상,N
187,202104,부산,신한은행,서비스직,9328,계약직,월세,보유,사업자금,4.74,7107,정상,N
179,202110,서울,하나은행,전문직,5029,정규직,월세,미보유,사업자금,2.25,2651,정상,Y
114,202109,광주,신한은행,사무직,7218,계약직,월세,미보유,주택,3.4,1974,정상,N
34,202008,인천,국민은행,전문직,3986,정규직,월세,보유,사업자금,2.32,6364,연체,N
19,202107,서울,우리은행,사무직,9338,프리랜서,전세,보유,자동차,4.65,1236,정상,N
202,202110,경기,국민은행,전문직,3038,정규직,전세,보유,사업자금,2.17,3428,정상,N
498,202108,경기,신한은행,생산직,6294,프리랜서,자가,보유,사업자금,2.04,6784,연체,N
131,202104,대구,하나은행,서비스직,8998,프리랜서,월세,미보유,주택,1.54,2664,연체,N
321,202101,대전,하나은행,전문직,8078,자영업,월세,보유,자동차,2.14,7833,정상,N
163,202107,인천,신한은행,서비스직,9042,계약직,월세,미보유,자동차,2.16,1852,정상,N
152,202107,인천,국민은행,생산직,6474,계약직,월세,미보유,자동차,1.77,6519,정상,N
82,202102,광주,국민은행,전문직,3667,정규직,전세,보유,생활자금,4.54,1686,정상,N
282,202102,인천,국민은행,생산직,3054,프리랜서,자가,미보유,자동차,4.23,7586,정상,N
330,202102,울산,하나은행,서비스직,4065,정규직,월세,보유,생활자금,2.39,7778,정상,N
176,202008,부산,하나은행,서비스직,3402,정규직,월세,보유,생활자금,4.24,8153,정상,Y
264,202008,대전,우리은행,생산직,6135,자영업,월세,보유,주택,2.98,3539,정상,N
239,202009,경기,우리은행,사무직,3353,프리랜서,전세,미보유,주택,4.21,3126,정상,N
136,202103,울산,신한은행,생산직,4299,정규직,전세,보유,생활자금,2.63,9805,정상,N
346,202104,서울,국민은행,전문직,5935,프리랜서,자가,미보유,주택,3.48,7565,정상,N
277,202102,서울,국민은행,서비스직,8150,계약직,자가,미보유,주택,2.84,2648,정상,N
33,202112,대전,우리은행,서비스직,7719,정규직,월세,보유,생활자금,2.16,1262,연체,N
247,202011,경기,국민은행,생산직,3406,계약직,자가,미보유,자동차,3.55,4190,연체,N
195,202102,울산,국민은행,서비스직,9323,자영업,자가,보유,주택,4.13,6986,정상,N
398,202012,경기,하나은행,생산직,6847,정규직,월세,미보유,자동차,4.14,4374,정상,N
154,202101,부산,우리은행,사무직,5442,계약직,전세,보유,생활자금,2.75,8269,연체,N
478,202105,광주,신한은행,사무직,5679,자영업,자가,미보유,사업자금,3.32,5501,연체,N
308,202101,대전,국민은행,생산직,8938,계약직,전세,보유,사업자금,4.17,9921,연체,N
66,202101,광주,국민은행,서비스직,6254,정규직,전세,보유,생활자금,1.69,8835,정상,N
202,202107,울산,신한은행,생산직,4720,계약직,자가,보유,사업자금,1.75,5241,정상,N
442,202110,부산,신한은행,사무직,5973,프리랜서,전세,보유,생활자금,2.82,8512,정상,N
128,202011,인천,우리은행,생산직,3479,자영업,전세,보유,자동차,2.28,5033,정상,N
353,202009,인천,국민은행,생산직,4072,프리랜서,월세,보유,사업자금,2.81,1089,정상,N
392,202012,경기,국민은행,서비스직,5202,정규직,자가,보유,자동차,1.83,3772,정상,Y
347,202105,부산,국민은행,생산직,4541,자영업,월세,보유,사업자금,3.57,4683,정상,N
46,202112,대구,신한은행,생산직,5445,자영업,자가,미보유,사업자금,3.85,9788,정상,N
188,202010,서울,신한은행,사무직,3453,프리랜서,월세,미보유,자동차,4.27,8451,정상,N
175,202008,부산,국민은행,서비스직,7270,자영업,월세,보유,생활자금,3.78,2319,정상,N
172,202104,경기,우리은행,전문직,3806,자영업,전세,보유,사업자금,2.89,1001,정상,N
440,202112,울산,신한은행,서비스직,4518,정규직,자가,미보유,사업자금,4.77,5759,정상,N
3,202105,대구,국민은행,생산직,9845,계약직,자가,미보유,주택,4.04,5802,연체,N
270,202111,대전,우리은행,생산직,3041,프리랜서,전세,미보유,사업자금,3.35,7618,정상,N
492,202106,광주,신한은행,생산직,4958,계약직,월세,보유,생활자금,2.22,3335,정상,N
438,202008,경기,신한은행,사무직,6501,프리랜서,월세,보유,주택,3.77,8309,정상,N
304,202103,대구,신한은행,사무직,5149,프리랜서,자가,보유,주택,3.57,4714,정상,N
499,202109,경기,국민은행,전문직,5243,정규직,자가,보유,생활자금,3.89,4011,정상,N
202,202104,대구,신한은행,전문직,3889,프리랜서,전세,보유,자동차,4.23,4782,정상,N
306,202011,대전,우리은행,전문직,5963,정규직,전세,보유,주택,4.7,9500,연체,N
272,202011,인천,국민은행,서비스직,8286,프리랜서,월세,미보유,생활자금,4.82,4525,정상,N
24,202107,대전,우리은행,전문직,7115,계약직,월세,미보유,생활자금,3.71,6045,연체,Y
21,202103,대구,국민은행,생산직,9468,정규직,전세,미보유,주택,4.88,9027,정상,N
449,202105,울산,우리은행,생산직,7897,자영업,전세,미보유,자동차,4.69,1164,정상,N
87,202102,대전,국민은행,사무직,8528,계약직,전세,미보유,자동차,1.51,5828,정상,N
178,202101,대구,국민은행,사무직,6021,정규직,전세,미보유,사업자금,3.73,7375,정상,N
312,202107,경기,신한은행,서비스직,7288,계약직,월세,보유,생활자금,2.12,9133,연체,N
288,202008,대전,우리은행,사무직,7047,자영업,자가,보유,주택,2.53,1553,정상,N
258,202103,인천,우리은행,전문직,8692,정규직,월세,미보유,생활자금,2.54,7540,정상,N
490,202102,부산,신한은행,전문직,6507,계약직,월세,미보유,사업자금,3.19,8222,정상,N
394,202109,경기,국민은행,생산직,5829,계약직,전세,미보유,주택,1.54,4160,연체,N
471,202108,울산,신한은행,서비스직,3490,자영업,전세,미보유,사업자금,2.33,7715,정상,N
330,202103,대전,하나은행,사무직,9016,정규직,전세,보유,주택,1.6,5442,정상,N
490,202012,울산,국민은행,생산직,6048,정규직,월세,보유,생활자금,3.78,6922,정상,N
301,202012,광주,우리은행,사무직,8589,프리랜서,자가,보유,자동차,4.61,4508,정상,N
271,202011,부산,신한은행,사무직,7746,정규직,전세,보유,생활자금,4.99,2594,정상,N
408,202012,부산,국민은행,사무직,3012,프리랜서,전세,보유,사업자금,3.07,8457,정상,N
435,202108,서울,우리은행,전문직,7559,계약직,월세,미보유,사업자금,2.41,2948,정상,N
35,202008,서울,국민은행,서비스직,6414,프리랜서,자가,보유,사업자금,4.49,2688,정상,N
456,202008,대전,신한은행,전문직,4678,정규직,자가,보유,사업자금,1.9,8974,정상,N
346,202105,울산,국민은행,전문직,4852,프리랜서,전세,미보유,자동차,4.91,9427,정상,N
449,202011,부산,우리은행,전문직,7465,프리랜서,전세,미보유,자동차,4.0,6483,정상,N
358,202110,광주,국민은행,전문직,3603,정규직,월세,보유,생활자금,3.26,6223,정상,Y
464,202108,서울,국민은행,사무직,7244,계약직,자가,보유,주택,1.84,4247,연체,N
138,202109,인천,우리은행,전문직,8923,정규직,자가,미보유,생활자금,1.56,6505,정상,N
94,202103,울산,하나은행,서비스직,3607,정규직,전세,미보유,생활자금,3.41,6483,정상,N
98,202103,울산,국민은행,사무직,3055,프리랜서,전세,미보유,사업자금,2.95,5651,연체,N
127,202103,경기,신한은행,사무직,3424,계약직,자가,미보유,주택,4.45,6896,정상,N
107,202011,대구,하나은행,전문직,8111,자영업,자가,보유,주택,3.75,5990,정상,N
221,202105,경기,신한은행,전문직,8934,계약직,전세,보유,주택,3.01,8913,정상,N
100,202110,울산,신한은행,생산직,9917,프리랜서,자가,미보유,생활자금,2.29,7009,정상,N
80,202012,대구,하나은행,사무직,3201,프리랜서,월세,미보유,생활자금,3.18,4466,정상,N
262,202008,대구,우리은행,생산직,6374,프리랜서,자가,보유,생활자금,2.07,6895,정상,N
397,202105,서울,신한은행,사무직,3337,자영업,월세,미보유,주택,3.83,3070,정상,Y
68,202102,경기,하나은행,서비스직,5598,프리랜서,자가,보유,자동차,3.62,2927,정상,N
256,202109,부산,우리은행,생산직,5155,프리랜서,전세,보유,자동차,4.34,8441,연체,N
330,202110,대구,우리은행,사무직,7240,프리랜서,월세,보유,주택,3.07,6241,정상,N
353,202112,인천,신한은행,전문직,9362,계약직,전세,보유,사업자금,2.48,1483,연체,N
53,202102,부산,하나은행,전문직,8632,프리랜서,월세,보유,주택,4.43,4191,정상,N
367,202111,울산,하나은행,전문직,3445,자영업,자가,보유,생활자금,3.92,9858,연체,N
14,202010,대전,하나은행,전문직,4681,프리랜서,월세,보유,자동차,3.97,6733,정상,N
119,202102,부산,우리은행,사무직,4924,프리랜서,자가,미보유,사업자금,3.35,8817,연체,N
160,202012,부산,신한은행,전문직,4754,정규직,전세,미보유,생활자금,4.57,5930,정상,N
427,202111,서울,국민은행,전문직,5472,계약직,자가,보유,자동차,2.3,1383,정상,N
96,202106,경기,국민은행,전문직,7250,정규직,월세,미보유,생활자금,2.91,2617,정상,N
392,202102,인천,하나은행,생산직,8177,정규직,자가,보유,주택,4.29,1829,정상,N
495,202010,대전,신한은행,생산직,9579,계약직,월세,미보유,주택,1.97,7612,정상,N
480,202109,부산,국민은행,전문직,7920,계약직,전세,보유,자동차,4.33,7809,연체,N
152,202107,부산,국민은행,사무직,5089,프리랜서,전세,보유,사업자금,2.73,5113,정상,N
48,202110,광주,국민은행,서비스직,4288,자영업,전세,보유,사업자금,1.94,7519,연체,N
112,202103,부산,우리은행,전문직,5637,자영업,자가,미보유,자동차,1.78,5962,정상,N
385,202010,광주,우리은행,전문직,8597,계약직,자가,미보유,자동차,4.45,7658,정상,N
99,202101,경기,신한은행,서비스직,9953,계약직,월세,보유,사업자금,4.23,7053,연체,N
323,202106,대구,우리은행,전문직,5746,프리랜서,월세,미보유,생활자금,2.51,5100,정상,N
187,202012,광주,신한은행,전문직,4233,계약직,월세,미보유,주택,1.91,6875,정상,N
384,202009,경기,하나은행,전문직,3034,자영업,전세,미보유,주택,2.37,3867,정상,N
303,202109,경기,하나은행,사무직,3538,자영업,자가,미보유,사업자금,2.25,7740,정상,N
293,202105,서울,국민은행,사무직,7458,프리랜서,전세,보유,사업자금,4.07,9222,정상,N
391,202102,서울,신한은행,생산직,7128,정규직,전세,미보유,사업자금,2.25,2860,정상,N
478,202105,경기,하나은행,생산직,7503,프리랜서,전세,미보유,주택,2.26,7003,정상,N
183,202108,경기,우리은행,생산직,3169,자영업,전세,보유,사업자금,1.61,1993,정상,N
265,202008,대구,하나은행,사무직,6058,정규직,월세,보유,주택,3.59,4397,정상,N
313,202103,광주,신한은행,서비스직,4263,정규직,전세,미보유,사업자금,3.91,7022,정상,N
412,202012,광주,국민은행,사무직,5355,프리랜서,자가,미보유,사업자금,3.79,3496,정상,N
242,202009,대전,하나은행,전문직,7355,계약직,월세,미보유,자동차,3.49,3123,연체,N
188,202008,울산,하나은행,서비스직,4930,프리랜서,전세,미보유,주택,4.88,4454,연체,N
424,202103,대구,우리은행,전문직,7616,계약직,전세,보유,생활자금,3.15,2031,연체,N
477,202105,경기,신한은행,사무직,5024,자영업,전세,보유,주택,4.51,6628,정상,Y
285,202104,서울,국민은행,생산직,6572,계약직,월세,미보유,생활자금,3.76,2181,정상,N
52,202109,서울,우리은행,전문직,6213,계약직,월세,미보유,자동차,1.79,3998,정상,N
145,202103,경기,우리은행,생산직,5686,정규직,월세,보유,자동차,4.34,3815,정상,N
232,202106,부산,우리은행,서비스직,3882,정규직,전세,미보유,사업자금,3.55,9710,연체,N
352,202109,경기,국민은행,사무직,7033,정규직,자가,미보유,사업자금,3.79,9926,정상,N
335,202107,대구,우리은행,전문직,9930,자영업,전세,보유,자동차,2.13,1713,정상,N
411,202111,대구,우리은행,생산직,7503,계약직,월세,미보유,자동차,3.03,2415,연체,N
15,202011,서울,하나은행,전문직,8220,정규직,월세,미보유,사업자금,4.58,7589,정상,N
233,202109,경기,우리은행,생산직,8624,계약직,월세,미보유,자동차,2.25,3686,정상,N
351,202107,대구,우리은행,사무직,3267,프리랜서,월세,보유,주택,1.5,6796,정상,N
494,202105,부산,신한은행,서비스직,8549,자영업,전세,보유,사업자금,2.4,9286,정상,N
72,202008,인천,우리은행,생산직,4697,자영업,자가,미보유,사업자금,3.21,2465,정상,N
440,202105,부산,우리은행,생산직,7653,정규직,전세,보유,자동차,4.37,9669,정상,N
4,202110,울산,하나은행,전문직,9887,자영업,자가,미보유,주택,3.75,1472,정상,N
99,202106,서울,하나은행,생산직,9259,계약직,월세,보유,주택,4.72,3059,정상,N
424,202008,인천,국민은행,생산직,5901,자영업,월세,미보유,생활자금,3.09,5568,정상,N
394,202012,인천,하나은행,서비스직,8866,정규직,전세,보유,자동차,2.87,8924,정상,N
487,202105,서울,하나은행,사무직,7330,프리랜서,전세,미보유,생활자금,2.31,5984,정상,N
301,202109,서울,우리은행,전문직,3932,자영업,자가,미보유,사업자금,2.26,2250,정상,N
308,202103,광주,우리은행,사무직,4679,정규직,자가,미보유,주택,4.08,3240,정상,N
268,202110,인천,우리은행,사무직,9696,자영업,자가,보유,사업자금,1.78,7853,정상,N
256,202109,부산,신한은행,사무직,9406,정규직,자가,보유,주택,2.35,6054,정상,N
257,202012,부산,신한은행,생산직,9242,자영업,자가,미보유,주택,4.6,1117,정상,N
147,202011,울산,하나은행,서비스직,5689,프리랜서,월세,보유,생활자금,3.52,5514,정상,N
427,202111,대전,하나은행,서비스직,5246,자영업,월세,보유,생활자금,1.66,4659,정상,N
179,202106,광주,국민은행,전문직,8642,자영업,전세,미보유,사업자금,3.96,1005,연체,N
306,202110,울산,하나은행,전문직,3141,계약직,자가,보유,생활자금,3.27,3226,연체,N
335,202111,서울,신한은행,생산직,9282,계약직,월세,미보유,자동차,4.49,9418,연체,N
269,202103,대전,국민은행,전문직,7227,프리랜서,전세,보유,생활자금,3.89,7336,정상,N
306,202008,울산,하나은행,사무직,7428,정규직,전세,미보유,사업자금,1.52,1637,연체,N
25,202111,부산,국민은행,사무직,6068,계약직,전세,보유,생활자금,2.22,1144,정상,N
158,202105,광주,국민은행,생산직,9855,정규직,전세,미보유,자동차,2.4,4113,정상,N
225,202010,울산,신한은행,서비스직,8246,자영업,월세,보유,사업자금,3.96,5184,연체,N
198,202105,광주,신한은행,사무직,3376,정규직,월세,미보유,자동차,3.28,5081,정상,N
455,202008,부산,국민은행,전문직,6672,계약직,전세,보유,자동차,4.12,7270,정상,N
449,202012,대전,국민은행,생산직,9017,계약직,월세,보유,자동차,3.3,2560,정상,N
356,202101,울산,신한은행,생산직,3535,계약직,월세,보유,자동차,2.65,1420,정상,N
177,202103,서울,국민은행,서비스직,8158,자영업,자가,보유,주택,1.86,7054,정상,Y
26,202105,광주,국민은행,생산직,4712,자영업,월세,보유,생활자금,2.21,9076,정상,N
378,202110,광주,하나은행,생산직,6545,프리랜서,전세,미보유,생활자금,2.9,2509,정상,N
442,202101,대구,우리은행,전문직,9177,자영업,자가,미보유,자동차,3.43,4250,정상,N
245,202108,서울,국민은행,생산직,6446,정규직,월세,미보유,사업자금,4.79,6639,정상,N
414,202112,서울,국민은행,사무직,3263,자영업,월세,미보유,자동차,2.34,2487,정상,N
466,202108,울산,하나은행,서비스직,3145,정규직,전세,보유,자동차,3.83,8739,정상,N
274,202012,울산,신한은행,서비스직,8156,정규직,자가,미보유,주택,2.03,3029,정상,N
105,202107,인천,국민은행,사무직,9516,정규직,월세,보유,사업자금,4.0,5793,정상,N
12,202012,경기,우리은행,전문직,5043,정규직,월세,보유,주택,1.54,4050,정상,N
379,202104,경기,하나은행,생산직,9547,자영업,자가,미보유,주택,3.8,7006,정상,N
282,202106,대전,신한은행,사무직,6168,계약직,전세,보유,사업자금,2.07,2785,정상,N
77,202012,광주,우리은행,사무직,3410,자영업,자가,보유,생활자금,2.13,1884,정상,N
28,202008,경기,신한은행,서비스직,6717,계약직,자가,보유,주택,3.46,5595,정상,N
485,202110,광주,국민은행,사무직,9816,정규직,전세,미보유,자동차,2.81,8787,정상,N
161,202108,경기,하나은행,생산직,4750,계약직,자가,미보유,생활자금,3.15,6696,정상,N
164,202010,경기,하나은행,서비스직,9724,정규직,전세,미보유,주택,2.58,7800,정상,N
315,202102,부산,하나은행,전문직,7563,계약직,전세,미보유,사업자금,4.84,4900,정상,Y
183,202012,대전,국민은행,생산직,5772,프리랜서,전세,보유,생활자금,2.52,2261,연체,N
457,202112,대전,우리은행,전문직,7854,자영업,월세,보유,주택,3.4,4843,정상,N
341,202112,울산,우리은행,생산직,5805,프리랜서,자가,보유,생활자금,4.49,9887,정상,N
179,202107,대구,국민은행,전문직,3595,정규직,월세,보유,주택,3.82,8035,정상,N
134,202103,울산,하나은행,생산직,9095,프리랜서,자가,보유,생활자금,2.63,7331,정상,N
431,202008,인천,국민은행,사무직,5617,프리랜서,자가,보유,자동차,3.43,3709,정상,N
296,202012,인천,신한은행,서비스직,6960,정규직,전세,미보유,주택,1.79,6396,정상,N
460,202009,부산,하나은행,전문직,8210,자영업,자가,보유,생활자금,3.41,6604,연체,N
173,202109,대구,우리은행,전문직,3580,자영업,자가,보유,자동차,3.01,6887,정상,N
11,202009,경기,우리은행,전문직,8051,프리랜서,전세,미보유,자동차,4.15,9036,정상,N
450,202107,대전,신한은행,사무직,5556,계약직,월세,보유,사업자금,4.47,7134,연체,N
120,202112,대전,하나은행,서비스직,6812,계약직,전세,보유,생활자금,2.2,2993,연체,N
423,202101,경기,국민은행,서비스직,6199,계약직,월세,보유,자동차,1.79,2994,정상,N
355,202107,대구,우리은행,서비스직,8443,정규직,자가,보유,주택,2.87,6579,정상,N
116,202110,대전,국민은행,사무직,4312,계약직,자가,미보유,생활자금,3.37,8795,정상,N
379,202103,대구,국민은행,사무직,3753,정규직,전세,보유,주택,2.82,9531,정상,N
41,202103,울산,우리은행,서비스직,5876,정규직,월세,미보유,사업자금,3.7,6486,연체,N
197,202011,인천,신한은행,전문직,3827,프리랜서,월세,보유,주택,3.27,5768,정상,N
179,202103,울산,국민은행,사무직,4699,정규직,자가,미보유,생활자금,4.78,8344,정상,N
329,202110,대전,하나은행,사무직,7602,계약직,전세,보유,자동차,2.93,9792,정상,N
268,202107,울산,신한은행,생산직,8731,계약직,전세,보유,생활자금,1.79,1250,정상,N
307,202011,경기,하나은행,생산직,7853,정규직,월세,보유,자동차,2.56,3790,정상,N
239,202104,울산,국민은행,전문직,5224,자영업,자가,미보유,주택,3.62,4004,정상,N
370,202108,대구,국민은행,전문직,8701,자영업,전세,보유,사업자금,2.4,6078,정상,N
81,202009,광주,신한은행,서비스직,5842,프리랜서,월세,미보유,사업자금,2.44,3653,정상,N
360,202108,인천,우리은행,전문직,4267,프리랜서,전세,보유,주택,2.69,3799,정상,N
26,202011,서울,신한은행,사무직,8293,정규직,월세,보유,주택,4.11,1219,정상,N
43,202101,광주,국민은행,전문직,6617,자영업,전세,미보유,생활자금,4.79,1033,정상,N
362,202103,인천,우리은행,생산직,5594,자영업,전세,보유,사업자금,2.73,5049,정상,N
80,202104,인천,하나은행,생산직,7625,계약직,자가,미보유,생활자금,2.18,9975,정상,N
386,202111,서울,국민은행,사무직,8073,프리랜서,월세,미보유,주택,2.97,3660,연체,N
67,202011,광주,신한은행,사무직,4565,자영업,자가,보유,생활자금,2.73,3160,정상,N
74,202012,광주,신한은행,사무직,3820,프리랜서,월세,미보유,자동차,4.97,3379,정상,Y
467,202102,서울,우리은행,생산직,6618,정규직,월세,미보유,생활자금,3.12,9757,정상,N
89,202110,대전,국민은행,사무직,3360,계약직,전세,미보유,자동차,3.88,6974,정상,Y
457,202112,부산,국민은행,사무직,7469,정규직,월세,보유,주택,4.7,6877,정상,N
175,202103,부산,국민은행,서비스직,6078,계약직,월세,보유,주택,3.7,2704,정상,N
399,202107,인천,우리은행,전문직,4501,자영업,월세,미보유,생활자금,2.37,9135,정상,N
470,202111,인천,국민은행,사무직,7190,정규직,자가,미보유,생활자금,3.63,2770,정상,N
59,202110,경기,우리은행,서비스직,5628,자영업,자가,미보유,자동차,2.91,9704,정상,N
166,202107,서울,신한은행,전문직,5718,계약직,자가,미보유,주택,2.98,9572,정상,N
288,202105,대구,신한은행,생산직,4514,계약직,자가,보유,사업자금,4.93,6110,정상,N
433,202112,대전,하나은행,사무직,7732,프리랜서,월세,보유,주택,2.48,8813,정상,N
94,202012,부산,하나은행,사무직,9320,정규직,자가,보유,주택,3.14,9997,정상,N
94,202102,경기,하나은행,전문직,7330,정규직,자가,보유,자동차,2.06,6223,정상,N
185,202108,대전,하나은행,생산직,4657,계약직,월세,미보유,생활자금,2.12,7905,정상,N
103,202008,경기,국민은행,사무직,8833,정규직,자가,보유,사업자금,3.61,6315,정상,N
134,202104,경기,하나은행,전문직,3845,자영업,월세,보유,생활자금,4.13,5714,정상,N
65,202110,서울,국민은행,전문직,5028,프리랜서,월세,미보유,사업자금,3.73,4012,정상,N
415,202011,인천,신한은행,서비스직,3246,자영업,전세,보유,생활자금,2.65,6894,정상,N
399,202109,대전,우리은행,사무직,8938,자영업,월세,미보유,사업자금,1.71,3405,정상,N
73,202103,서울,우리은행,사무직,3314,계약직,월세,미보유,주택,3.15,2748,정상,N
269,202110,인천,우리은행,사무직,6823,자영업,자가,미보유,주택,3.26,3479,정상,N
324,202106,대전,우리은행,사무직,4341,정규직,자가,보유,생활자금,4.2,1099,정상,N
314,202010,울산,신한은행,서비스직,4485,계약직,전세,미보유,사업자금,3.74,9404,정상,N
492,202108,인천,우리은행,생산직,7257,프리랜서,전세,미보유,생활자금,4.55,3311,정상,N
321,202008,울산,신한은행,전문직,8626,계약직,월세,미보유,자동차,4.24,8199,연체,N
344,202012,대전,신한은행,사무직,3123,프리랜서,자가,미보유,자동차,2.78,4914,정상,N
17,202111,서울,우리은행,서비스직,4110,자영업,자가,미보유,주택,3.71,4054,정상,N
40,202110,대구,우리은행,전문직,5007,계약직,자가,미보유,자동차,4.12,3052,정상,N
310,202008,경기,신한은행,사무직,9604,계약직,자가,미보유,생활자금,4.85,8386,정상,N
454,202102,서울,국민은행,서비스직,3407,프리랜서,월세,미보유,주택,2.98,5626,정상,N
200,202009,서울,신한은행,서비스직,4249,자영업,전세,보유,자동차,3.77,5047,연체,N
322,202012,대구,신한은행,사무직,5825,자영업,월세,미보유,자동차,2.87,6921,정상,N
106,202112,경기,국민은행,생산직,5279,자영업,자가,보유,자동차,4.08,8223,정상,N
229,202011,대전,국민은행,전문직,3340,정규직,자가,미보유,사업자금,4.69,6902,정상,N
376,202106,부산,하나은행,전문직,6781,정규직,월세,보유,사업자금,4.72,5210,연체,N
330,202109,인천,신한은행,생산직,7252,프리랜서,자가,미보유,자동차,2.05,9043,연체,Y
58,202110,경기,우리은행,사무직,4238,계약직,자가,미보유,사업자금,2.21,9060,연체,N
440,202102,부산,국민은행,사무직,7818,프리랜서,전세,미보유,생활자금,4.14,9696,정상,N
464,202107,광주,하나은행,전문직,3397,자영업,자가,미보유,사업자금,3.71,1819,정상,N
239,202104,인천,국민은행,서비스직,8119,프리랜서,자가,미보유,생활자금,4.67,9016,정상,N
171,202009,울산,신한은행,생산직,4814,계약직,전세,보유,생활자금,2.6,2738,정상,N
266,202011,울산,하나은행,사무직,4570,자영업,전세,미보유,생활자금,4.47,6581,정상,N
401,202108,울산,국민은행,전문직,4374,계약직,전세,보유,자동차,3.89,6921,연체,N
227,202107,서울,우리은행,생산직,9079,프리랜서,전세,미보유,생활자금,2.18,2851,정상,N
16,202104,인천,하나은행,서비스직,6514,정규직,자가,보유,생활자금,1.94,1073,정상,N
37,202109,대전,국민은행,전문직,7832,프리랜서,자가,보유,생활자금,3.96,9491,정상,N
406,202107,인천,국민은행,서비스직,4427,계약직,전세,미보유,주택,2.05,9021,정상,Y
394,202101,대전,하나은행,전문직,3396,정규직,자가,미보유,생활자금,4.28,2573,정상,N
387,202012,대전,신한은행,서비스직,3267,정규직,전세,미보유,생활자금,3.45,6411,연체,N
64,202112,대구,하나은행,생산직,6085,프리랜서,자가,보유,주택,3.17,2362,정상,N
86,202112,서울,하나은행,전문직,5285,정규직,전세,보유,사업자금,2.46,6098,정상,N
198,202008,경기,하나은행,서비스직,8374,정규직,월세,보유,사업자금,4.94,3858,정상,N
116,202109,울산,하나은행,전문직,8518,정규직,전세,미보유,생활자금,4.03,7765,정상,N
194,202010,경기,하나은행,사무직,5176,정규직,전세,보유,사업자금,4.22,6162,정상,N
280,202110,대구,신한은행,서비스직,6034,계약직,전세,보유,사업자금,4.19,5482,정상,N
141,202106,대구,하나은행,서비스직,5670,계약직,전세,미보유,자동차,3.54,7133,정상,N
62,202107,대구,신한은행,사무직,7725,프리랜서,월세,미보유,사업자금,4.79,5282,정상,N
202,202107,서울,우리은행,생산직,7407,프리랜서,자가,미보유,사업자금,3.54,1119,연체,N
362,202106,부산,국민은행,전문직,7557,프리랜서,자가,보유,주택,3.32,6363,정상,N
310,202012,대구,하나은행,서비스직,3388,자영업,월세,보유,사업자금,2.46,8002,정상,N
161,202109,경기,우리은행,전문직,5365,정규직,전세,미보유,주택,2.49,5413,연체,N
156,202105,부산,하나은행,사무직,9768,프리랜서,자가,보유,자동차,4.08,2575,정상,N
292,202105,광주,신한은행,사무직,5392,정규직,전세,미보유,사업자금,2.67,1070,연체,N
87,202101,광주,신한은행,전문직,4221,자영업,자가,보유,생활자금,4.05,3668,연체,N
417,202008,대구,우리은행,생산직,4397,계약직,전세,보유,자동차,4.83,7912,정상,N
435,202105,경기,하나은행,전문직,3186,계약직,월세,보유,생활자금,3.04,3898,정상,N
13,202101,서울,우리은행,전문직,8465,정규직,자가,보유,주택,1.84,9605,정상,N
486,202107,울산,하나은행,생산직,3037,프리랜서,월세,보유,주택,3.83,3992,정상,N
12,202102,대전,국민은행,전문직,7172,계약직,자가,보유,사업자금,1.53,4848,정상,N
230,202112,대구,하나은행,전문직,5796,자영업,자가,미보유,주택,4.25,7843,연체,N
334,202107,울산,우리은행,사무직,3662,정규직,월세,미보유,사업자금,3.34,6525,정상,N
164,202103,인천,하나은행,사무직,9189,계약직,전세,보유,자동차,3.21,1368,정상,N
102,202108,경기,국민은행,사무직,8193,자영업,월세,미보유,주택,3.49,1686,정상,N
24,202107,서울,신한은행,서비스직,8738,자영업,월세,보유,사업자금,3.31,2768,정상,N
364,202106,서울,국민은행,사무직,9556,자영업,월세,보유,주택,2.63,8844,정상,Y
19,202105,광주,신한은행,생산직,9384,프리랜서,자가,보유,자동차,2.49,1200,정상,N
243,202111,경기,하나은행,생산직,7904,자영업,자가,미보유,주택,2.95,1644,정상,N
197,202101,서울,우리은행,사무직,6736,정규직,자가,미보유,사업자금,4.63,8004,정상,N
484,202103,울산,하나은행,생산직,7878,자영업,전세,미보유,자동차,1.97,6605,정상,N
466,202012,경기,우리은행,서비스직,6141,프리랜서,전세,미보유,생활자금,2.64,9853,연체,N
409,202105,인천,하나은행,전문직,4269,계약직,월세,미보유,주택,2.17,2976,정상,N
366,202112,울산,하나은행,생산직,5701,정규직,자가,보유,생활자금,2.99,6935,정상,N
272,202106,울산,우리은행,서비스직,6268,프리랜서,자가,보유,생활자금,1.97,2210,정상,Y
175,202011,부산,하나은행,서비스직,3324,정규직,전세,보유,자동차,4.16,6311,정상,N
84,202111,울산,국민은행,생산직,8932,프리랜서,전세,보유,사업자금,1.86,1955,연체,N
485,202109,대전,우리은행,서비스직,9366,정규직,월세,미보유,자동차,3.83,9172,정상,N
193,202103,서울,우리은행,전문직,5939,계약직,자가,보유,생활자금,2.44,4743,정상,N
215,202010,광주,하나은행,사무직,6473,정규직,전세,보유,주택,3.15,3294,정상,N
71,202102,대전,우리은행,서비스직,8886,계약직,월세,보유,사업자금,2.2,9860,정상,N
139,202109,울산,국민은행,사무직,6185,계약직,전세,미보유,주택,4.06,1598,연체,N
318,202105,울산,우리은행,전문직,7816,정규직,월세,미보유,생활자금,4.82,8199,정상,N
214,202011,인천,하나은행,서비스직,6606,자영업,전세,미보유,주택,2.28,5589,연체,N
293,202010,대구,국민은행,사무직,4897,자영업,자가,미보유,주택,4.84,7188,정상,N
106,202112,부산,국민은행,서비스직,8559,계약직,월세,미보유,주택,2.64,3343,정상,N
42,202103,서울,우리은행,생산직,4349,정규직,전세,미보유,사업자금,3.45,8932,정상,N
443,202107,대전,우리은행,사무직,4571,자영업,자가,미보유,주택,3.96,5059,정상,N
217,202102,경기,우리은행,전문직,7839,프리랜서,자가,미보유,사업자금,2.2,4767,정상,N
181,202009,서울,국민은행,생산직,7969,프리랜서,자가,보유,생활자금,3.06,5106,정상,N
144,202103,대전,우리은행,사무직,9681,프리랜서,자가,미보유,주택,1.74,3667,정상,N
329,202107,광주,우리은행,서비스직,7975,정규직,월세,보유,자동차,3.94,3869,정상,N
282,202101,부산,하나은행,생산직,3172,계약직,전세,보유,자동차,2.96,2260,정상,N
195,202106,부산,신한은행,서비스직,8946,정규직,자가,보유,자동차,4.62,5376,정상,N
466,202103,대구,신한은행,사무직,5897,프리랜서,자가,미보유,생활자금,2.46,5272,정상,N
451,202101,대전,국민은행,전문직,3060,자영업,자가,보유,사업자금,4.73,4421,정상,N
100,202012,대구,우리은행,생산직,7053,프리랜서,월세,보유,사업자금,1.99,9870,정상,N
322,202012,울산,우리은행,생산직,4192,프리랜서,전세,보유,생활자금,3.62,2017,정상,N
485,202012,대구,신한은행,전문직,5911,프리랜서,자가,미보유,사업자금,2.58,9192,정상,N
245,202108,서울,우리은행,서비스직,6297,자영업,월세,보유,사업자금,2.14,8800,정상,N
16,202101,서울,하나은행,사무직,3519,정규직,월세,미보유,주택,1.83,1200,정상,N
67,202108,인천,국민은행,서비스직,8953,계약직,자가,미보유,생활자금,3.79,7311,정상,Y
334,202101,인천,우리은행,서비스직,6572,계약직,월세,미보유,사업자금,2.32,2882,정상,N
451,202101,대전,우리은행,생산직,9755,프리랜서,월세,보유,주택,3.5,1371,정상,N
65,202111,인천,국민은행,사무직,6253,계약직,자가,보유,생활자금,4.93,8749,정상,N
274,202110,부산,국민은행,사무직,7164,자영업,월세,미보유,사업자금,2.61,2042,정상,N
249,202102,부산,신한은행,전문직,8686,계약직,전세,보유,자동차,1.62,3690,정상,N
143,202012,광주,국민은행,사무직,4484,자영업,전세,보유,사업자금,2.0,1868,정상,N
316,202108,대구,신한은행,서비스직,9362,자영업,자가,보유,사업자금,1.92,2277,연체,N
439,202009,대전,국민은행,전문직,4292,정규직,자가,보유,생활자금,3.12,1555,정상,N
120,202103,경기,하나은행,생산직,9971,자영업,월세,보유,생활자금,4.11,8581,정상,Y
28,202106,대구,우리은행,사무직,7476,자영업,월세,보유,생활자금,2.54,1531,정상,N
180,202107,광주,신한은행,서비스직,6631,정규직,자가,보유,자동차,2.01,7833,정상,N
158,202009,울산,하나은행,서비스직,4470,계약직,자가,미보유,자동차,3.74,2414,정상,N
364,202008,부산,국민은행,사무직,6983,자영업,전세,미보유,생활자금,2.55,9234,정상,N
269,202012,광주,우리은행,서비스직,6871,자영업,월세,미보유,자동차,3.51,8630,정상,N
9,202010,대구,우리은행,사무직,9886,계약직,월세,보유,사업자금,4.77,6665,정상,N
170,202104,대전,하나은행,생산직,8843,프리랜서,월세,미보유,사업자금,2.52,8454,연체,N
368,202111,대전,국민은행,생산직,6380,정규직,전세,보유,자동차,3.29,3685,연체,N
239,202012,부산,우리은행,전문직,5728,프리랜서,자가,보유,생활자금,4.32,8048,정상,N
282,202103,부산,하나은행,전문직,5709,프리랜서,월세,미보유,주택,3.92,2994,정상,N
133,202011,서울,하나은행,서비스직,5649,계약직,월세,보유,주택,4.13,6532,정상,N
160,202008,서울,국민은행,서비스직,3095,계약직,전세,보유,자동차,4.2,9274,연체,N
66,202107,서울,하나은행,사무직,3252,자영업,전세,미보유,주택,3.39,7511,정상,N
41,202012,대전,신한은행,사무직,8259,계약직,자가,보유,사업자금,3.38,3426,정상,N
19,202105,경기,신한은행,전문직,4778,계약직,전세,보유,주택,4.02,7646,연체,N
313,202107,인천,국민은행,생산직,5879,계약직,자가,미보유,자동차,3.94,8949,연체,N
79,202110,경기,국민은행,서비스직,7887,계약직,전세,보유,자동차,3.85,9003,정상,N
287,202011,대전,신한은행,서비스직,7252,계약직,자가,미보유,주택,2.84,7652,연체,N
477,202105,울산,국민은행,생산직,5522,프리랜서,전세,보유,자동차,4.4,7591,정상,N
349,202111,대전,우리은행,서비스직,8266,자영업,자가,보유,생활자금,2.33,8063,정상,N
288,202104,부산,우리은행,서비스직,4108,프리랜서,월세,보유,사업자금,2.05,7628,연체,N
59,202008,광주,신한은행,사무직,6308,정규직,전세,보유,주택,2.71,2203,정상,N
245,202012,광주,우리은행,서비스직,3740,계약직,월세,보유,주택,2.39,8236,정상,N
446,202109,대전,우리은행,사무직,6721,프리랜서,자가,미보유,자동차,3.82,2619,정상,N
193,202109,울산,국민은행,생산직,3665,프리랜서,자가,보유,자동차,2.31,6007,정상,N
414,202101,서울,신한은행,전문직,9590,자영업,자가,미보유,사업자금,3.8,4055,정상,N
355,202011,대전,하나은행,전문직,7613,계약직,전세,미보유,주택,3.3,2917,정상,N
134,202012,울산,국민은행,사무직,4718,계약직,자가,보유,자동차,2.03,3537,정상,N
71,202012,서울,하나은행,서비스직,7288,프리랜서,월세,미보유,생활자금,2.4,1760,정상,N
9,202108,인천,하나은행,서비스직,5449,정규직,월세,보유,자동차,3.33,4956,연체,N
139,202110,경기,신한은행,서비스직,6629,프리랜서,월세,보유,생활자금,4.07,4771,정상,N
167,202008,서울,신한은행,전문직,4171,자영업,자가,미보유,사업자금,2.89,4630,정상,Y
328,202108,부산,국민은행,사무직,6502,프리랜서,전세,보유,생활자금,2.31,1825,정상,N
287,202108,울산,우리은행,서비스직,3747,계약직,전세,미보유,자동차,2.53,6461,정상,N
240,202106,부산,국민은행,생산직,4071,자영업,전세,미보유,사업자금,1.83,2523,정상,N
362,202110,대전,하나은행,사무직,7088,프리랜서,전세,미보유,사업자금,1.59,8703,연체,N
386,202008,경기,신한은행,생산직,6504,프리랜서,월세,보유,사업자금,4.91,1214,연체,N
357,202107,인천,하나은행,사무직,5055,자영업,월세,미보유,주택,1.84,1497,정상,N
449,202010,인천,하나은행,서비스직,3419,정규직,자가,미보유,사업자금,1.94,3701,연체,N
180,202111,인천,신한은행,서비스직,5964,자영업,자가,보유,사업자금,4.55,4670,정상,N
412,202104,대구,우리은행,서비스직,9481,프리랜서,자가,보유,사업자금,3.82,9729,정상,N
211,202009,인천,국민은행,사무직,7956,프리랜서,전세,보유,생활자금,3.03,5727,정상,N
93,202108,광주,국민은행,전문직,3406,정규직,전세,미보유,자동차,3.77,4410,정상,N
73,202108,경기,우리은행,사무직,9565,자영업,월세,미보유,생활자금,4.77,8538,연체,N
46,202103,경기,신한은행,생산직,5964,정규직,자가,미보유,생활자금,1.85,3168,정상,N
478,202101,울산,신한은행,생산직,7030,자영업,자가,보유,사업자금,2.35,9073,정상,N
85,202008,서울,국민은행,서비스직,3003,자영업,자가,보유,자동차,4.51,4631,정상,N
418,202111,대구,하나은행,생산직,5170,계약직,자가,보유,생활자금,4.23,3814,정상,Y
392,202011,울산,신한은행,전문직,8503,계약직,자가,미보유,사업자금,4.98,3712,정상,N
220,202110,광주,신한은행,전문직,5314,정규직,자가,보유,사업자금,2.6,1087,연체,N
457,202106,대구,신한은행,전문직,4163,계약직,월세,미보유,주택,4.81,7064,정상,N
455,202107,대구,신한은행,사무직,3634,정규직,월세,미보유,사업자금,2.7,6195,정상,N
463,202107,서울,우리은행,전문직,9474,자영업,월세,미보유,주택,4.0,6710,정상,N
249,202110,대구,하나은행,사무직,8690,프리랜서,전세,보유,사업자금,4.59,6866,정상,N
150,202008,인천,우리은행,전문직,3307,정규직,전세,보유,주택,2.1,1246,정상,N
22,202112,인천,국민은행,전문직,9476,자영업,월세,미보유,주택,2.22,8898,정상,N
421,202008,광주,하나은행,사무직,8745,정규직,자가,보유,생활자금,3.53,5601,정상,N
437,202112,대구,신한은행,사무직,5519,프리랜서,전세,미보유,생활자금,4.45,7222,정상,N
269,202012,부산,국민은행,서비스직,7596,정규직,월세,보유,생활자금,1.78,1325,정상,N
36,202110,경기,국민은행,사무직,4805,정규직,전세,보유,자동차,4.48,7849,정상,N
412,202009,인천,하나은행,전문직,4748,정규직,자가,미보유,주택,2.7,7096,정상,N
150,202103,대구,신한은행,서비스직,8001,계약직,전세,미보유,생활자금,2.92,4315,정상,N
275,202105,대전,국민은행,서비스직,4416,프리랜서,월세,보유,생활자금,2.69,9422,정상,N
330,202112,광주,하나은행,전문직,5486,자영업,자가,미보유,생활자금,4.69,6856,정상,N
73,202010,광주,신한은행,사무직,5503,자영업,전세,보유,자동차,1.96,9167,정상,N
32,202008,부산,하나은행,서비스직,4051,프리랜서,자가,보유,사업자금,3.51,8394,정상,N
40,202107,대전,하나은행,전문직,8798,프리랜서,자가,미보유,사업자금,2.02,2851,정상,N
480,202008,부산,국민은행,사무직,7716,계약직,월세,보유,주택,4.75,9968,연체,N
479,202109,울산,우리은행,사무직,9033,계약직,전세,보유,주택,4.29,7683,연체,N
214,202008,인천,우리은행,사무직,6667,자영업,자가,보유,주택,2.32,2707,정상,N
213,202112,인천,국민은행,생산직,4226,프리랜서,전세,미보유,주택,2.54,8137,정상,N
204,202105,인천,신한은행,사무직,4956,프리랜서,자가,보유,생활자금,2.84,4861,정상,N
176,202112,인천,신한은행,사무직,5474,정규직,월세,보유,생활자금,2.92,8779,정상,N
272,202010,대전,국민은행,전문직,9593,계약직,월세,보유,자동차,4.36,2559,정상,N
179,202012,인천,우리은행,생산직,4662,프리랜서,자가,미보유,생활자금,3.48,3336,정상,N
309,202103,부산,신한은행,생산직,7851,계약직,자가,보유,사업자금,3.0,4128,정상,N
190,202008,광주,하나은행,생산직,3858,프리랜서,월세,보유,사업자금,4.02,5057,정상,N
315,202009,대구,하나은행,전문직,9691,자영업,월세,보유,자동차,3.1,6681,정상,N
473,202101,서울,우리은행,생산직,7525,정규직,월세,보유,생활자금,1.95,2993,정상,Y
103,202108,울산,국민은행,생산직,6014,자영업,월세,보유,생활자금,1.88,7350,정상,N
32,202108,대구,국민은행,전문직,5421,자영업,월세,미보유,사업자금,2.64,1218,정상,N
264,202009,광주,국민은행,사무직,5481,계약직,전세,보유,사업자금,3.61,3979,정상,Y
60,202009,부산,신한은행,생산직,4577,자영업,월세,보유,자동차,1.97,6931,정상,N
116,202107,대구,하나은행,서비스직,7198,정규직,월세,미보유,사업자금,3.43,3384,연체,N
395,202102,인천,국민은행,서비스직,9061,계약직,자가,보유,자동차,2.44,4883,정상,N
209,202109,부산,우리은행,전문직,4688,정규직,자가,보유,사업자금,3.93,6454,연체,N
275,202101,경기,국민은행,전문직,8238,프리랜서,전세,보유,사업자금,1.6,3233,연체,N
389,202102,대구,신한은행,생산직,6963,자영업,월세,미보유,사업자금,3.14,9679,정상,N
65,202011,광주,우리은행,전문직,8416,프리랜서,월세,미보유,주택,1.68,8623,정상,N
240,202012,광주,하나은행,사무직,8388,프리랜서,자가,미보유,주택,2.66,9739,정상,N
18,202108,인천,하나은행,사무직,3274,정규직,전세,보유,사업자금,1.55,5461,정상,N
250,202104,광주,우리은행,전문직,3148,자영업,월세,보유,주택,3.14,4090,정상,N
113,202107,광주,국민은행,사무직,9405,정규직,자가,보유,주택,4.18,9951,정상,N
456,202009,서울,신한은행,생산직,4087,프리랜서,월세,미보유,자동차,1.85,7556,정상,N
131,202105,대전,하나은행,서비스직,7023,프리랜서,자가,보유,자동차,4.07,8140,정상,N
101,202103,서울,국민은행,생산직,8271,자영업,자가,보유,주택,3.54,2644,정상,N
8,202111,인천,우리은행,전문직,6526,자영업,자가,보유,주택,3.27,8822,정상,N
67,202103,대구,우리은행,생산직,3043,프리랜서,월세,미보유,자동차,3.6,5753,정상,N
109,202009,인천,하나은행,서비스직,3074,프리랜서,월세,미보유,생활자금,2.68,7959,정상,N
115,202107,서울,국민은행,사무직,7686,계약직,자가,미보유,생활자금,3.99,8425,정상,N
370,202010,대전,국민은행,사무직,9283,프리랜서,전세,보유,사업자금,4.23,1953,정상,N
444,202111,인천,국민은행,사무직,5403,프리랜서,자가,미보유,사업자금,4.22,1891,정상,N
428,202102,서울,신한은행,서비스직,6807,프리랜서,월세,미보유,주택,2.44,1585,정상,N
479,202109,서울,우리은행,사무직,9536,프리랜서,월세,미보유,생활자금,3.79,6786,연체,N
450,202107,광주,국민은행,서비스직,8776,계약직,월세,미보유,주택,2.02,9235,정상,N
228,202103,대전,우리은행,생산직,6783,정규직,전세,미보유,자동차,3.23,1271,정상,N
195,202105,광주,국민은행,서비스직,7588,정규직,자가,미보유,자동차,1.51,2243,연체,N
325,202011,대전,우리은행,전문직,9729,계약직,자가,보유,생활자금,2.18,5373,정상,N
160,202009,울산,신한은행,전문직,8576,계약직,월세,미보유,자동차,3.71,4521,연체,N
302,202109,울산,하나은행,사무직,5910,프리랜서,전세,보유,사업자금,4.56,1927,정상,N
500,202112,경기,신한은행,전문직,7850,자영업,자가,보유,자동차,1.67,6489,정상,N
100,202110,경기,하나은행,전문직,5302,프리랜서,월세,보유,사업자금,3.45,9148,정상,N
385,202101,울산,국민은행,서비스직,9446,자영업,자가,미보유,사업자금,3.73,2907,정상,N
468,202102,인천,국민은행,사무직,3654,프리랜서,월세,미보유,생활자금,4.76,1025,연체,N
269,202102,광주,국민은행,서비스직,4578,자영업,자가,미보유,주택,3.79,3027,정상,N
179,202107,광주,신한은행,서비스직,5422,자영업,전세,미보유,생활자금,1.86,2661,정상,N
128,202106,부산,하나은행,서비스직,4414,정규직,자가,미보유,자동차,2.01,5196,정상,N
84,202109,대전,국민은행,생산직,7165,프리랜서,월세,미보유,자동차,3.73,1965,연체,N
161,202112,광주,하나은행,서비스직,7987,프리랜서,전세,보유,자동차,2.25,4248,정상,N
374,202102,광주,우리은행,서비스직,9233,자영업,전세,보유,자동차,4.75,2075,정상,N
258,202107,울산,신한은행,생산직,6509,프리랜서,전세,보유,자동차,4.72,7089,연체,N
111,202104,대전,신한은행,전문직,7349,정규직,월세,미보유,사업자금,4.82,5222,정상,N
272,202112,경기,하나은행,서비스직,7194,정규직,자가,미보유,자동차,2.53,1675,정상,N
405,202102,경기,우리은행,생산직,3023,정규직,자가,미보유,자동차,4.01,1393,정상,N
7,202011,울산,국민은행,서비스직,7959,정규직,자가,보유,생활자금,3.82,5398,정상,N
11,202102,대구,하나은행,전문직,3162,정규직,월세,보유,주택,1.62,6326,정상,N
480,202106,부산,신한은행,생산직,6831,자영업,월세,미보유,생활자금,2.43,2568,정상,N
375,202112,대구,국민은행,서비스직,9998,계약직,전세,미보유,사업자금,2.22,3911,연체,N
288,202110,대전,하나은행,사무직,8513,프리랜서,자가,보유,사업자금,2.8,6460,정상,N
454,202008,울산,하나은행,생산직,6545,자영업,월세,보유,주택,4.84,5240,정상,N
295,202104,경기,신한은행,서비스직,5232,프리랜서,월세,미보유,자동차,4.46,2045,정상,N
261,202010,대전,우리은행,전문직,8860,계약직,월세,보유,주택,2.53,4521,정상,N
106,202102,대전,국민은행,서비스직,9012,계약직,월세,보유,생활자금,3.36,2778,정상,N
406,202112,경기,하나은행,서비스직,5576,자영업,자가,보유,자동차,2.17,9340,정상,N
383,202112,대전,신한은행,생산직,3753,프리랜서,월세,보유,사업자금,2.47,8235,정상,N
148,202010,부산,신한은행,서비스직,7075,자영업,전세,보유,주택,1.73,3808,연체,N
369,202010,광주,우리은행,생산직,7438,정규직,전세,보유,사업자금,3.75,3116,정상,N
364,202107,대구,신한은행,사무직,9538,정규직,자가,보유,자동차,3.8,2211,정상,N
48,202102,대전,우리은행,사무직,9230,정규직,전세,미보유,사업자금,4.43,7633,정상,N
81,202103,대전,우리은행,서비스직,4603,프리랜서,월세,보유,주택,4.55,9264,정상,N
298,202110,대구,신한은행,전문직,4768,프리랜서,전세,미보유,자동차,2.06,3457,정상,N
312,202111,대구,하나은행,생산직,9978,계약직,월세,보유,자동차,4.1,6757,연체,N
330,202111,서울,신한은행,전문직,5287,계약직,월세,미보유,사업자금,1.97,3115,정상,N
187,202109,대구,하나은행,전문직,6208,프리랜서,자가,보유,생활자금,2.81,9253,정상,N
418,202112,울산,신한은행,서비스직,5138,자영업,월세,미보유,사업자금,3.3,3692,정상,N
223,202108,대전,우리은행,전문직,5753,자영업,월세,미보유,생활자금,1.67,1864,정상,Y
104,202111,경기,우리은행,생산직,6949,계약직,전세,미보유,사업자금,2.05,8928,정상,N
58,202105,경기,하나은행,생산직,5047,프리랜서,전세,미보유,생활자금,2.45,9509,정상,N
439,202008,울산,국민은행,서비스직,5890,정규직,전세,미보유,생활자금,1.95,4574,정상,Y
354,202109,부산,국민은행,서비스직,5468,자영업,월세,미보유,사업자금,4.77,9165,정상,N
231,202111,대구,하나은행,서비스직,3755,정규직,월세,미보유,사업자금,2.51,3193,정상,N
105,202101,서울,하나은행,생산직,8506,계약직,자가,보유,생활자금,3.25,3438,정상,N
49,202103,서울,우리은행,전문직,9239,프리랜서,자가,미보유,자동차,4.99,5829,정상,N
77,202105,부산,신한은행,사무직,6444,자영업,자가,미보유,생활자금,3.48,6403,정상,N
53,202107,대구,신한은행,사무직,4432,정규직,전세,미보유,생활자금,2.94,4470,정상,N
265,202107,서울,우리은행,생산직,7501,프리랜서,월세,미보유,사업자금,4.75,8196,정상,N
99,202102,울산,우리은행,사무직,6738,정규직,전세,보유,생활자금,2.28,8111,정상,N
64,202110,광주,신한은행,생산직,6858,정규직,자가,미보유,사업자금,2.13,2088,정상,N
142,202109,대전,국민은행,서비스직,7163,계약직,월세,미보유,생활자금,3.37,9914,정상,N
350,202112,대전,국민은행,생산직,8025,프리랜서,전세,미보유,사업자금,3.0,2432,정상,N
249,202105,경기,신한은행,사무직,3285,계약직,전세,보유,사업자금,4.29,5739,연체,N
77,202009,부산,우리은행,생산직,3695,자영업,월세,미보유,사업자금,1.65,4807,연체,N
375,202110,대구,신한은행,서비스직,3669,프리랜서,자가,보유,주택,3.66,5065,연체,N
245,202009,대구,우리은행,전문직,4082,계약직,전세,보유,사업자금,3.99,2156,정상,N
94,202011,광주,신한은행,전문직,9801,계약직,자가,미보유,자동차,4.9,4087,정상,N
346,202012,광주,신한은행,서비스직,8110,계약직,전세,보유,사업자금,2.01,1273,정상,N
497,202011,울산,우리은행,사무직,7651,정규직,전세,미보유,자동차,2.36,9760,정상,N
271,202108,광주,우리은행,사무직,7891,프리랜서,전세,미보유,자동차,4.76,2294,연체,N
81,202103,부산,하나은행,생산직,3234,자영업,월세,보유,생활자금,3.71,5349,정상,N
155,202011,광주,하나은행,사무직,4493,계약직,자가,보유,생활자금,1.63,2944,정상,Y
300,202008,경기,신한은행,서비스직,8559,계약직,월세,보유,생활자금,1.77,2601,연체,N
500,202011,광주,우리은행,생산직,6239,자영업,월세,미보유,주택,4.25,4511,정상,N
465,202107,광주,신한은행,전문직,6559,프리랜서,전세,미보유,사업자금,3.49,9722,정상,N
467,202109,부산,하나은행,생산직,8251,계약직,자가,미보유,자동차,3.48,5303,정상,N
417,202101,서울,우리은행,생산직,3526,정규직,자가,보유,사업자금,4.58,9647,정상,N
288,202009,부산,하나은행,서비스직,8590,자영업,전세,보유,자동차,2.34,8443,연체,N
324,202105,서울,신한은행,사무직,7765,프리랜서,월세,보유,생활자금,2.06,4921,정상,N
367,202109,인천,국민은행,전문직,5825,프리랜서,전세,보유,생활자금,3.65,9110,정상,N
358,202009,경기,국민은행,서비스직,6495,계약직,월세,미보유,주택,4.59,4133,정상,N
320,202109,인천,우리은행,서비스직,3519,정규직,자가,보유,자동차,2.43,5512,연체,N
68,202010,대전,하나은행,생산직,4434,계약직,전세,미보유,생활자금,3.88,7123,연체,N
440,202012,울산,우리은행,전문직,4724,자영업,월세,보유,사업자금,2.03,6304,연체,N
5,202106,울산,하나은행,전문직,9143,계약직,전세,미보유,사업자금,2.1,8460,연체,N
213,202008,대전,신한은행,사무직,3788,프리랜서,월세,미보유,자동차,4.66,2466,정상,N
218,202101,울산,하나은행,서비스직,5039,자영업,자가,미보유,생활자금,1.91,5486,정상,N
499,202010,대구,하나은행,전문직,3922,정규직,월세,보유,주택,1.59,6982,연체,N
45,202011,인천,국민은행,생산직,4991,정규직,월세,보유,사업자금,4.21,3977,정상,N
238,202109,인천,하나은행,서비스직,3074,정규직,전세,보유,사업자금,2.77,8802,정상,N
179,202011,울산,국민은행,전문직,4909,자영업,전세,보유,사업자금,2.89,3712,정상,N
49,202008,인천,우리은행,생산직,8066,프리랜서,월세,보유,자동차,4.3,3710,정상,N
112,202011,경기,신한은행,서비스직,8372,자영업,전세,미보유,자동차,2.13,3939,정상,Y
212,202009,부산,신한은행,서비스직,5655,자영업,자가,미보유,사업자금,3.78,7088,연체,N
459,202106,부산,하나은행,사무직,7942,계약직,월세,미보유,생활자금,2.6,2062,정상,N
195,202112,대전,우리은행,사무직,7330,정규직,자가,보유,주택,1.86,2285,정상,N
441,202010,울산,국민은행,서비스직,9322,계약직,전세,보유,생활자금,3.91,8007,정상,N
367,202108,대전,국민은행,사무직,8632,프리랜서,자가,보유,생활자금,2.62,2865,정상,N
410,202102,대구,국민은행,전문직,4605,계약직,월세,보유,자동차,4.53,1944,정상,N
427,202009,서울,신한은행,서비스직,7120,정규직,월세,미보유,자동차,4.72,3372,정상,N
357,202107,대구,국민은행,서비스직,8504,자영업,전세,보유,주택,4.47,4584,정상,N
367,202011,인천,신한은행,생산직,5139,계약직,전세,미보유,자동차,2.63,1298,정상,N
78,202104,인천,하나은행,생산직,7011,프리랜서,전세,보유,주택,2.33,8514,정상,N
359,202104,경기,하나은행,생산직,5801,자영업,전세,보유,자동차,4.62,2057,정상,N
25,202106,울산,하나은행,서비스직,5160,프리랜서,월세,보유,주택,3.09,4636,정상,N
369,202010,울산,신한은행,생산직,4395,프리랜서,자가,보유,자동차,3.98,2819,정상,N
327,202012,서울,우리은행,생산직,3248,정규직,월세,보유,생활자금,4.4,3652,정상,N
379,202108,부산,하나은행,사무직,8248,프리랜서,전세,보유,자동차,2.47,1407,정상,N
322,202111,인천,국민은행,서비스직,8732,자영업,월세,미보유,주택,1.92,9534,연체,N
185,202008,광주,하나은행,서비스직,7562,자영업,전세,미보유,사업자금,3.69,9436,정상,N
185,202103,대전,우리은행,서비스직,4687,정규직,월세,보유,자동차,3.57,2138,정상,N
299,202110,대구,신한은행,생산직,3131,정규직,전세,보유,생활자금,2.45,2775,정상,N
237,202012,서울,신한은행,사무직,7422,정규직,전세,미보유,생활자금,3.55,8963,정상,N
171,202103,대구,신한은행,생산직,4399,자영업,자가,보유,생활자금,4.27,4734,정상,N
245,202111,울산,국민은행,생산직,6842,계약직,자가,미보유,자동차,2.73,1558,정상,N
269,202112,경기,국민은행,사무직,9791,프리랜서,자가,보유,사업자금,2.35,2222,정상,N
120,202107,경기,신한은행,전문직,3031,계약직,전세,미보유,사업자금,4.04,4721,정상,N
320,202107,광주,국민은행,생산직,7040,프리랜서,월세,미보유,사업자금,4.25,6021,연체,N
158,202106,서울,우리은행,생산직,9960,자영업,월세,미보유,자동차,4.84,6685,정상,N
134,202012,경기,신한은행,서비스직,5340,계약직,월세,미보유,자동차,2.02,2378,연체,N
210,202111,부산,신한은행,전문직,8700,자영업,전세,보유,주택,4.61,4330,연체,N
52,202008,대구,국민은행,생산직,8796,계약직,전세,보유,자동차,4.18,3349,정상,N
302,202008,경기,하나은행,서비스직,6405,정규직,월세,보유,사업자금,3.96,5811,정상,N
367,202106,광주,우리은행,사무직,5148,정규직,자가,미보유,자동차,2.6,3892,정상,N
478,202110,부산,신한은행,서비스직,7762,계약직,월세,미보유,사업자금,1.58,2836,정상,N
142,202109,광주,우리은행,사무직,7336,프리랜서,월세,보유,사업자금,3.28,8336,정상,N
270,202107,서울,신한은행,사무직,6336,자영업,월세,보유,생활자금,2.5,6121,정상,N
252,202102,대구,국민은행,서비스직,4349,자영업,자가,미보유,생활자금,2.51,5265,정상,N
366,202102,경기,우리은행,사무직,8212,프리랜서,월세,보유,사업자금,4.74,2211,정상,N
313,202103,대구,하나은행,사무직,4479,계약직,전세,미보유,주택,2.04,1637,정상,N
404,202012,경기,우리은행,사무직,3940,정규직,전세,보유,주택,4.77,8164,정상,N
426,202103,광주,우리은행,전문직,3470,자영업,자가,보유,주택,3.26,9717,연체,N
57,202009,대전,국민은행,서비스직,6124,계약직,전세,미보유,사업자금,4.43,6254,정상,N
178,202101,대전,우리은행,생산직,3840,자영업,전세,미보유,자동차,2.49,1351,정상,N
327,202111,광주,우리은행,전문직,5348,프리랜서,월세,보유,주택,3.72,5337,정상,Y
272,202108,서울,신한은행,생산직,4692,자영업,전세,보유,주택,3.45,3521,연체,N
242,202010,경기,국민은행,전문직,6217,자영업,자가,보유,자동차,4.73,1492,정상,N
87,202012,인천,하나은행,생산직,8443,프리랜서,월세,미보유,자동차,2.13,2281,정상,N
287,202012,대전,신한은행,사무직,6153,프리랜서,자가,보유,주택,2.22,5497,연체,Y
371,202012,광주,신한은행,사무직,6899,정규직,월세,미보유,주택,4.82,4841,정상,N
20,202107,대전,우리은행,생산직,4001,정규직,월세,미보유,사업자금,1.84,6072,정상,N
296,202111,대구,신한은행,사무직,3791,프리랜서,자가,미보유,사업자금,3.72,7240,정상,N
454,202108,울산,우리은행,사무직,9835,프리랜서,월세,보유,주택,1.71,3391,정상,N
287,202104,부산,우리은행,생산직,7339,프리랜서,월세,미보유,자동차,1.77,3576,정상,Y
477,202010,대전,신한은행,전문직,3108,계약직,전세,미보유,자동차,3.59,7098,정상,N
177,202010,광주,국민은행,사무직,6955,프리랜서,월세,보유,자동차,3.43,2774,정상,N
2,202109,광주,국민은행,사무직,3070,자영업,자가,미보유,주택,3.51,1690,정상,N
342,202107,서울,하나은행,전문직,3540,정규직,전세,미보유,사업자금,3.16,8682,정상,N
107,202104,인천,우리은행,사무직,5614,계약직,전세,보유,생활자금,4.1,2878,연체,N
5,202105,서울,신한은행,전문직,7595,자영업,전세,미보유,사업자금,4.97,2087,정상,N
91,202110,광주,신한은행,서비스직,7342,정규직,월세,보유,자동차,2.47,7637,정상,N
468,202109,대전,우리은행,전문직,8536,계약직,월세,보유,사업자금,2.63,5786,정상,N
391,202009,광주,하나은행,서비스직,4257,계약직,전세,미보유,생활자금,2.63,2324,정상,N
138,202102,울산,하나은행,서비스직,4341,프리랜서,전세,보유,주택,4.17,8654,정상,N
300,202008,대구,우리은행,사무직,6732,계약직,전세,미보유,자동차,2.72,3209,정상,N
170,202102,대구,신한은행,서비스직,9080,자영업,자가,보유,사업자금,3.87,7084,정상,N
89,202106,인천,하나은행,서비스직,8059,정규직,전세,보유,사업자금,3.06,6857,정상,N
495,202011,부산,하나은행,전문직,7685,계약직,자가,미보유,생활자금,3.63,8466,정상,N
407,202010,울산,신한은행,사무직,3658,프리랜서,월세,보유,주택,4.4,7559,정상,N
182,202104,울산,하나은행,사무직,9146,정규직,월세,미보유,생활자금,3.3,7327,정상,N
177,202104,인천,하나은행,사무직,9890,자영업,월세,보유,사업자금,3.16,1463,정상,N
408,202108,울산,하나은행,전문직,7075,프리랜서,월세,보유,주택,2.43,9442,정상,N
231,202008,서울,국민은행,사무직,5356,자영업,전세,보유,자동차,3.31,2139,정상,N
189,202012,부산,국민은행,전문직,7637,계약직,전세,보유,주택,2.42,3281,정상,N
194,202109,대구,신한은행,생산직,7496,계약직,전세,보유,주택,4.45,5015,정상,N
224,202107,인천,하나은행,생산직,9503,자영업,전세,보유,사업자금,2.86,3595,정상,N
261,202111,부산,국민은행,전문직,3775,정규직,자가,보유,주택,1.95,6335,연체,N
21,202109,광주,국민은행,서비스직,6606,계약직,월세,미보유,주택,2.34,1476,정상,N
241,202110,울산,국민은행,서비스직,7966,계약직,전세,보유,주택,3.37,5084,정상,N
220,202104,인천,국민은행,전문직,5443,계약직,월세,미보유,사업자금,4.71,4145,정상,N
138,202112,인천,하나은행,전문직,8883,계약직,자가,미보유,자동차,2.55,6823,정상,N
178,202103,서울,우리은행,서비스직,3453,프리랜서,전세,미보유,사업자금,2.43,5678,정상,N
213,202111,대구,우리은행,생산직,3736,정규직,전세,미보유,자동차,2.92,7803,정상,N
184,202102,울산,신한은행,전문직,8535,자영업,월세,미보유,생활자금,4.89,2480,정상,N
455,202103,울산,우리은행,서비스직,3881,자영업,전세,미보유,사업자금,4.46,9545,정상,N
265,202107,서울,하나은행,전문직,5929,정규직,자가,미보유,생활자금,2.02,4529,정상,N
252,202102,서울,우리은행,전문직,4967,자영업,전세,미보유,생활자금,3.65,4148,정상,N
132,202010,울산,하나은행,서비스직,7816,계약직,월세,보유,주택,4.27,5934,정상,N
459,202111,부산,우리은행,생산직,3083,정규직,자가,미보유,주택,4.19,2467,정상,N
12,202103,광주,신한은행,전문직,5498,계약직,전세,보유,생활자금,3.21,8331,정상,N
276,202111,울산,우리은행,전문직,9902,자영업,자가,보유,자동차,4.06,3376,정상,N
85,202102,울산,하나은행,사무직,5581,자영업,월세,미보유,주택,3.54,9346,정상,N
385,202112,광주,하나은행,서비스직,7188,프리랜서,자가,미보유,주택,2.21,2333,정상,Y
190,202106,인천,신한은행,서비스직,9916,자영업,전세,미보유,자동차,1.7,8777,정상,N
147,202109,울산,우리은행,서비스직,7253,계약직,월세,보유,주택,2.79,4548,연체,N
29,202108,대전,하나은행,전문직,8284,자영업,월세,미보유,생활자금,1.72,6466,정상,N
396,202011,울산,우리은행,생산직,9712,프리랜서,자가,미보유,자동차,2.88,8853,정상,N
199,202109,광주,우리은행,전문직,7320,정규직,자가,보유,자동차,4.4,2162,정상,N
133,202112,경기,신한은행,서비스직,8824,정규직,자가,미보유,주택,4.46,4123,정상,N
423,202107,울산,하나은행,사무직,6557,계약직,전세,미보유,생활자금,1.62,9535,정상,N
10,202112,서울,하나은행,서비스직,8699,정규직,월세,미보유,주택,1.74,2339,정상,N
235,202110,대구,국민은행,사무직,7493,계약직,자가,보유,생활자금,3.84,1925,정상,N
81,202107,울산,국민은행,전문직,5376,자영업,자가,보유,사업자금,3.25,5703,정상,N
64,202104,서울,국민은행,전문직,6907,정규직,전세,보유,사업자금,2.02,1222,정상,N
11,202110,대전,신한은행,전문직,5344,프리랜서,월세,미보유,생활자금,4.32,9927,정상,N
94,202011,대구,국민은행,서비스직,5779,자영업,전세,미보유,사업자금,2.26,9133,정상,N
474,202105,부산,하나은행,생산직,5042,계약직,전세,보유,사업자금,1.77,2693,정상,N
223,202109,광주,하나은행,생산직,6437,프리랜서,월세,미보유,생활자금,4.12,2554,연체,N
500,202112,경기,국민은행,전문직,5426,계약직,월세,보유,자동차,3.63,8000,정상,N
134,202012,경기,하나은행,사무직,7382,계약직,전세,미보유,생활자금,2.88,5686,정상,N
382,202009,인천,국민은행,전문직,5586,자영업,전세,보유,사업자금,3.92,8410,정상,N
45,202101,서울,하나은행,생산직,6437,프리랜서,전세,미보유,생활자금,4.69,9708,정상,N
55,202110,경기,신한은행,서비스직,3980,계약직,자가,보유,자동차,1.62,4612,정상,N
9,202104,경기,국민은행,서비스직,5706,자영업,전세,보유,주택,3.7,3284,정상,N
450,202008,광주,신한은행,사무직,5491,자영업,월세,미보유,주택,2.26,6575,정상,N
336,202010,대전,하나은행,사무직,9727,자영업,자가,미보유,자동차,3.16,6715,정상,N
372,202101,광주,하나은행,사무직,6127,자영업,월세,보유,사업자금,2.98,4891,정상,N
464,202101,서울,국민은행,전문직,3150,계약직,전세,미보유,생활자금,2.86,3691,연체,N
167,202010,부산,하나은행,사무직,5165,계약직,전세,보유,주택,2.17,3360,연체,N
362,202104,부산,신한은행,서비스직,8105,정규직,자가,보유,사업자금,4.31,5693,정상,N
252,202104,경기,신한은행,사무직,4157,프리랜서,월세,미보유,자동차,2.83,4835,정상,N
272,202011,서울,국민은행,전문직,4140,자영업,자가,보유,자동차,4.61,5117,연체,N
331,202011,광주,하나은행,전문직,5613,프리랜서,전세,미보유,사업자금,2.74,1857,정상,N
235,202107,대구,하나은행,생산직,5497,프리랜서,자가,보유,자동차,4.44,8927,정상,N
13,202112,서울,우리은행,사무직,6366,자영업,월세,보유,생활자금,3.41,7362,연체,N
